frame_idx,camera_time_s,system_time_s,perf_counter_s,color_realsense_timestamp_ms,color_frame_number,color_video
0,0.01607347,1784039265.10394979,948982.04764990,1784039265025.2297,7699,teach_record_20260714_222745_color.mp4
1,0.04957628,1784039265.13745260,948982.08168220,1784039265058.5867,7700,teach_record_20260714_222745_color.mp4
2,0.08236814,1784039265.17024446,948982.11361980,1784039265091.9436,7701,teach_record_20260714_222745_color.mp4
3,0.11595917,1784039265.20383549,948982.14688800,1784039265125.3005,7702,teach_record_20260714_222745_color.mp4
4,0.14986181,1784039265.23773813,948982.18106460,1784039265158.6592,7703,teach_record_20260714_222745_color.mp4
5,0.18345523,1784039265.27133155,948982.21430150,1784039265192.0181,7704,teach_record_20260714_222745_color.mp4
6,0.21639276,1784039265.30426908,948982.24744400,1784039265225.3770,7705,teach_record_20260714_222745_color.mp4
7,0.24946260,1784039265.33733892,948982.28101900,1784039265258.7361,7706,teach_record_20260714_222745_color.mp4
8,0.28356743,1784039265.37144375,948982.31487540,1784039265292.0950,7707,teach_record_20260714_222745_color.mp4
9,0.31490231,1784039265.40277863,948982.34682450,1784039265325.4541,7708,teach_record_20260714_222745_color.mp4
10,0.34768462,1784039265.43556094,948982.38027920,1784039265358.8130,7709,teach_record_20260714_222745_color.mp4
11,0.38255858,1784039265.47043490,948982.41385850,1784039265392.1719,7710,teach_record_20260714_222745_color.mp4
12,0.41624784,1784039265.50412416,948982.44841050,1784039265425.5310,7711,teach_record_20260714_222745_color.mp4
13,0.44935536,1784039265.53723168,948982.48031040,1784039265458.8899,7712,teach_record_20260714_222745_color.mp4
14,0.48286247,1784039265.57073879,948982.51403160,1784039265492.2490,7713,teach_record_20260714_222745_color.mp4
15,0.51701069,1784039265.60488701,948982.54792140,1784039265525.6079,7714,teach_record_20260714_222745_color.mp4
16,0.55035210,1784039265.63822842,948982.58134090,1784039265558.9670,7715,teach_record_20260714_222745_color.mp4
17,0.58208942,1784039265.66996574,948982.61381790,1784039265592.3262,7716,teach_record_20260714_222745_color.mp4
18,0.61691380,1784039265.70479012,948982.64801130,1784039265625.6851,7717,teach_record_20260714_222745_color.mp4
19,0.64996409,1784039265.73784041,948982.68183360,1784039265659.0442,7718,teach_record_20260714_222745_color.mp4
20,0.68254757,1784039265.77042389,948982.71429980,1784039265692.4031,7719,teach_record_20260714_222745_color.mp4
21,0.71675563,1784039265.80463195,948982.74807990,1784039265725.7622,7720,teach_record_20260714_222745_color.mp4
22,0.75066376,1784039265.83854008,948982.78231960,1784039265759.1213,7721,teach_record_20260714_222745_color.mp4
23,0.78458047,1784039265.87245679,948982.81620070,1784039265792.4802,7722,teach_record_20260714_222745_color.mp4
24,0.81681490,1784039265.90469122,948982.84767940,1784039265825.8394,7723,teach_record_20260714_222745_color.mp4
25,0.84993696,1784039265.93781328,948982.88114930,1784039265859.1985,7724,teach_record_20260714_222745_color.mp4
26,0.88551188,1784039265.97338820,948982.91644130,1784039265892.5576,7725,teach_record_20260714_222745_color.mp4
27,0.91531539,1784039266.00319171,948982.94751840,1784039265925.9165,7726,teach_record_20260714_222745_color.mp4
28,0.94919276,1784039266.03706908,948982.98145980,1784039265959.2756,7727,teach_record_20260714_222745_color.mp4
29,0.98318577,1784039266.07106209,948983.01421330,1784039265992.6348,7728,teach_record_20260714_222745_color.mp4
30,1.01626921,1784039266.10414553,948983.04752470,1784039266025.9939,7729,teach_record_20260714_222745_color.mp4
31,1.05119228,1784039266.13906860,948983.08204020,1784039266059.3530,7730,teach_record_20260714_222745_color.mp4
32,1.08415031,1784039266.17202663,948983.11523270,1784039266092.7122,7731,teach_record_20260714_222745_color.mp4
33,1.11652780,1784039266.20440412,948983.14801360,1784039266126.0713,7732,teach_record_20260714_222745_color.mp4
34,1.14937639,1784039266.23725271,948983.18155760,1784039266159.4302,7733,teach_record_20260714_222745_color.mp4
35,1.18345499,1784039266.27133131,948983.21499420,1784039266192.7888,7734,teach_record_20260714_222745_color.mp4
36,1.21637273,1784039266.30424905,948983.24764240,1784039266226.1448,7735,teach_record_20260714_222745_color.mp4
37,1.24986506,1784039266.33774137,948983.28129520,1784039266259.5005,7736,teach_record_20260714_222745_color.mp4
38,1.28335810,1784039266.37123442,948983.31430490,1784039266292.8562,7737,teach_record_20260714_222745_color.mp4
39,1.31785512,1784039266.40573144,948983.34918380,1784039266326.2119,7738,teach_record_20260714_222745_color.mp4
40,1.35054564,1784039266.43842196,948983.38149590,1784039266359.5679,7739,teach_record_20260714_222745_color.mp4
41,1.38353324,1784039266.47140956,948983.41461110,1784039266392.9236,7740,teach_record_20260714_222745_color.mp4
42,1.41739082,1784039266.50526714,948983.44885480,1784039266426.2793,7741,teach_record_20260714_222745_color.mp4
43,1.45166159,1784039266.53953791,948983.48355400,1784039266459.6350,7742,teach_record_20260714_222745_color.mp4
44,1.48398924,1784039266.57186556,948983.51506120,1784039266492.9907,7743,teach_record_20260714_222745_color.mp4
45,1.51816177,1784039266.60603809,948983.54906410,1784039266526.3464,7744,teach_record_20260714_222745_color.mp4
46,1.55092072,1784039266.63879704,948983.58272210,1784039266559.7019,7745,teach_record_20260714_222745_color.mp4
47,1.58391023,1784039266.67178655,948983.61477270,1784039266593.0576,7746,teach_record_20260714_222745_color.mp4
48,1.61722898,1784039266.70510530,948983.64834050,1784039266626.4133,7747,teach_record_20260714_222745_color.mp4
49,1.65109992,1784039266.73897624,948983.68243500,1784039266659.7688,7748,teach_record_20260714_222745_color.mp4
50,1.68427444,1784039266.77215075,948983.71516310,1784039266693.1245,7749,teach_record_20260714_222745_color.mp4
51,1.71621585,1784039266.80409217,948983.74828850,1784039266726.4800,7750,teach_record_20260714_222745_color.mp4
52,1.75019598,1784039266.83807230,948983.78148230,1784039266759.8357,7751,teach_record_20260714_222745_color.mp4
53,1.78359127,1784039266.87146759,948983.81460670,1784039266793.1912,7752,teach_record_20260714_222745_color.mp4
54,1.81613922,1784039266.90401554,948983.84788620,1784039266826.5466,7753,teach_record_20260714_222745_color.mp4
55,1.85021949,1784039266.93809581,948983.88139570,1784039266859.9023,7754,teach_record_20260714_222745_color.mp4
56,1.88485360,1784039266.97272992,948983.91590690,1784039266893.2578,7755,teach_record_20260714_222745_color.mp4
57,1.91726470,1784039267.00514102,948983.94840150,1784039266926.6133,7756,teach_record_20260714_222745_color.mp4
58,1.95041728,1784039267.03829360,948983.98136670,1784039266959.9688,7757,teach_record_20260714_222745_color.mp4
59,1.98512816,1784039267.07300448,948984.01635180,1784039266993.3242,7758,teach_record_20260714_222745_color.mp4
60,2.01625848,1784039267.10413480,948984.04813610,1784039267026.6797,7759,teach_record_20260714_222745_color.mp4
61,2.05041933,1784039267.13829565,948984.08182870,1784039267060.0352,7760,teach_record_20260714_222745_color.mp4
62,2.08429694,1784039267.17217326,948984.11597330,1784039267093.3904,7761,teach_record_20260714_222745_color.mp4
63,2.11740375,1784039267.20528007,948984.14824110,1784039267126.7458,7762,teach_record_20260714_222745_color.mp4
64,2.15051937,1784039267.23839569,948984.18194810,1784039267160.1013,7763,teach_record_20260714_222745_color.mp4
65,2.18418002,1784039267.27205634,948984.21590860,1784039267193.4568,7764,teach_record_20260714_222745_color.mp4
66,2.21606588,1784039267.30394220,948984.24830940,1784039267226.8149,7765,teach_record_20260714_222745_color.mp4
67,2.25072813,1784039267.33860445,948984.28192080,1784039267260.1719,7766,teach_record_20260714_222745_color.mp4
68,2.28435922,1784039267.37223554,948984.31521410,1784039267293.5288,7767,teach_record_20260714_222745_color.mp4
69,2.31855297,1784039267.40642929,948984.34939750,1784039267326.8857,7768,teach_record_20260714_222745_color.mp4
70,2.35119152,1784039267.43906784,948984.38252280,1784039267360.2427,7769,teach_record_20260714_222745_color.mp4
71,2.38453984,1784039267.47241616,948984.41537250,1784039267393.5996,7770,teach_record_20260714_222745_color.mp4
72,2.41777253,1784039267.50564885,948984.44889360,1784039267426.9563,7771,teach_record_20260714_222745_color.mp4
73,2.45119715,1784039267.53907347,948984.48205470,1784039267460.3132,7772,teach_record_20260714_222745_color.mp4
74,2.48508525,1784039267.57296157,948984.51653490,1784039267493.6699,7773,teach_record_20260714_222745_color.mp4
75,2.51878500,1784039267.60666132,948984.54973100,1784039267527.0269,7774,teach_record_20260714_222745_color.mp4
76,2.55240059,1784039267.64027691,948984.58338700,1784039267560.3835,7775,teach_record_20260714_222745_color.mp4
77,2.58472443,1784039267.67260075,948984.61577970,1784039267593.7405,7776,teach_record_20260714_222745_color.mp4
78,2.61794305,1784039267.70581937,948984.64924350,1784039267627.0972,7777,teach_record_20260714_222745_color.mp4
79,2.65201712,1784039267.73989344,948984.68310340,1784039267660.4541,7778,teach_record_20260714_222745_color.mp4
80,2.68402505,1784039267.77190137,948984.71580780,1784039267693.8108,7779,teach_record_20260714_222745_color.mp4
81,2.71774006,1784039267.80561638,948984.74894600,1784039267727.1675,7780,teach_record_20260714_222745_color.mp4
82,2.75293159,1784039267.84080791,948984.78411200,1784039267760.5242,7781,teach_record_20260714_222745_color.mp4
83,2.78471637,1784039267.87259269,948984.81603190,1784039267793.8809,7782,teach_record_20260714_222745_color.mp4
84,2.81889606,1784039267.90677238,948984.85005780,1784039267827.2375,7783,teach_record_20260714_222745_color.mp4
85,2.85155725,1784039267.93943357,948984.88250480,1784039267860.5942,7784,teach_record_20260714_222745_color.mp4
86,2.88573623,1784039267.97361255,948984.91666930,1784039267893.9509,7785,teach_record_20260714_222745_color.mp4
87,2.91893148,1784039268.00680780,948984.94998620,1784039267927.3076,7786,teach_record_20260714_222745_color.mp4
88,2.95134091,1784039268.03921723,948984.98248670,1784039267960.6643,7787,teach_record_20260714_222745_color.mp4
89,2.98454189,1784039268.07241821,948985.01612290,1784039267994.0210,7788,teach_record_20260714_222745_color.mp4
90,3.01806545,1784039268.10594177,948985.04897240,1784039268027.3777,7789,teach_record_20260714_222745_color.mp4
91,3.05174232,1784039268.13961864,948985.08333370,1784039268060.7344,7790,teach_record_20260714_222745_color.mp4
92,3.08512521,1784039268.17300153,948985.11603260,1784039268094.0908,7791,teach_record_20260714_222745_color.mp4
93,3.11798453,1784039268.20586085,948985.14908710,1784039268127.4475,7792,teach_record_20260714_222745_color.mp4
94,3.15224409,1784039268.24012041,948985.18367290,1784039268160.8042,7793,teach_record_20260714_222745_color.mp4
95,3.18540573,1784039268.27328205,948985.21628980,1784039268194.1606,7794,teach_record_20260714_222745_color.mp4
96,3.22123051,1784039268.30910683,948985.25232770,1784039268227.5173,7795,teach_record_20260714_222745_color.mp4
97,3.25181580,1784039268.33969212,948985.28275480,1784039268260.8755,7796,teach_record_20260714_222745_color.mp4
98,3.28591967,1784039268.37379599,948985.31711730,1784039268294.2307,7797,teach_record_20260714_222745_color.mp4
99,3.31991243,1784039268.40778875,948985.35148000,1784039268327.5862,7798,teach_record_20260714_222745_color.mp4
100,3.35161161,1784039268.43948793,948985.38255140,1784039268360.9417,7799,teach_record_20260714_222745_color.mp4
101,3.38490653,1784039268.47278285,948985.41668430,1784039268394.2969,7800,teach_record_20260714_222745_color.mp4
102,3.41893792,1784039268.50681424,948985.45065330,1784039268427.6523,7801,teach_record_20260714_222745_color.mp4
103,3.45156360,1784039268.53943992,948985.48270080,1784039268461.0076,7802,teach_record_20260714_222745_color.mp4
104,3.48652196,1784039268.57439828,948985.51773030,1784039268494.3628,7803,teach_record_20260714_222745_color.mp4
105,3.51868749,1784039268.60656381,948985.55024480,1784039268527.7183,7804,teach_record_20260714_222745_color.mp4
106,3.55156255,1784039268.63943887,948985.58326610,1784039268561.0735,7805,teach_record_20260714_222745_color.mp4
107,3.58523703,1784039268.67311335,948985.61695870,1784039268594.4287,7806,teach_record_20260714_222745_color.mp4
108,3.62009645,1784039268.70797276,948985.65098890,1784039268627.7839,7807,teach_record_20260714_222745_color.mp4
109,3.65359831,1784039268.74147463,948985.68490260,1784039268661.1392,7808,teach_record_20260714_222745_color.mp4
110,3.68677545,1784039268.77465177,948985.71779120,1784039268694.4941,7809,teach_record_20260714_222745_color.mp4
111,3.71902037,1784039268.80689669,948985.75059880,1784039268727.8494,7810,teach_record_20260714_222745_color.mp4
112,3.75292206,1784039268.84079838,948985.78377730,1784039268761.2046,7811,teach_record_20260714_222745_color.mp4
113,3.78692913,1784039268.87480545,948985.81800650,1784039268794.5596,7812,teach_record_20260714_222745_color.mp4
114,3.81828046,1784039268.90615678,948985.84950480,1784039268827.9148,7813,teach_record_20260714_222745_color.mp4
115,3.85200906,1784039268.93988538,948985.88315020,1784039268861.2698,7814,teach_record_20260714_222745_color.mp4
116,3.88576317,1784039268.97363949,948985.91735580,1784039268894.6248,7815,teach_record_20260714_222745_color.mp4
117,3.92201090,1784039269.00988722,948985.95295910,1784039268927.9797,7816,teach_record_20260714_222745_color.mp4
118,3.95229030,1784039269.04016662,948985.98350980,1784039268961.3350,7817,teach_record_20260714_222745_color.mp4
119,3.98556209,1784039269.07343841,948986.01760290,1784039268994.6899,7818,teach_record_20260714_222745_color.mp4
120,4.01878738,1784039269.10666370,948986.05047760,1784039269028.0449,7819,teach_record_20260714_222745_color.mp4
121,4.05293489,1784039269.14081120,948986.08396300,1784039269061.3997,7820,teach_record_20260714_222745_color.mp4
122,4.08664703,1784039269.17452335,948986.11772570,1784039269094.7546,7821,teach_record_20260714_222745_color.mp4
123,4.12001109,1784039269.20788741,948986.15099410,1784039269128.1096,7822,teach_record_20260714_222745_color.mp4
124,4.15231109,1784039269.24018741,948986.18335660,1784039269161.4644,7823,teach_record_20260714_222745_color.mp4
125,4.18617105,1784039269.27404737,948986.21706080,1784039269194.8193,7824,teach_record_20260714_222745_color.mp4
126,4.21861959,1784039269.30649590,948986.24980910,1784039269228.1741,7825,teach_record_20260714_222745_color.mp4
127,4.25260592,1784039269.34048223,948986.28392010,1784039269261.5291,7826,teach_record_20260714_222745_color.mp4
128,4.28565216,1784039269.37352848,948986.31660250,1784039269294.8870,7827,teach_record_20260714_222745_color.mp4
129,4.31876326,1784039269.40663958,948986.34997210,1784039269328.2417,7828,teach_record_20260714_222745_color.mp4
130,4.35194993,1784039269.43982625,948986.38379550,1784039269361.5964,7829,teach_record_20260714_222745_color.mp4
131,4.38722253,1784039269.47509885,948986.41835470,1784039269394.9512,7830,teach_record_20260714_222745_color.mp4
132,4.41978121,1784039269.50765753,948986.45097860,1784039269428.3059,7831,teach_record_20260714_222745_color.mp4
133,4.45287323,1784039269.54074955,948986.48391220,1784039269461.6604,7832,teach_record_20260714_222745_color.mp4
134,4.48669624,1784039269.57457256,948986.51786720,1784039269495.0151,7833,teach_record_20260714_222745_color.mp4
135,4.51931906,1784039269.60719538,948986.55033380,1784039269528.3696,7834,teach_record_20260714_222745_color.mp4
136,4.55281973,1784039269.64069605,948986.58416060,1784039269561.7244,7835,teach_record_20260714_222745_color.mp4
137,4.58641529,1784039269.67429161,948986.61758190,1784039269595.0789,7836,teach_record_20260714_222745_color.mp4
138,4.61955214,1784039269.70742846,948986.65071260,1784039269628.4333,7837,teach_record_20260714_222745_color.mp4
139,4.65259695,1784039269.74047327,948986.68360110,1784039269661.7881,7838,teach_record_20260714_222745_color.mp4
140,4.68475866,1784039269.77263498,948986.71668700,1784039269695.1426,7839,teach_record_20260714_222745_color.mp4
141,4.72153044,1784039269.80940676,948986.75293280,1784039269728.4971,7840,teach_record_20260714_222745_color.mp4
142,4.75254917,1784039269.84042549,948986.78439220,1784039269761.8516,7841,teach_record_20260714_222745_color.mp4
143,4.78639221,1784039269.87426853,948986.81744360,1784039269795.2061,7842,teach_record_20260714_222745_color.mp4
144,4.81981373,1784039269.90769005,948986.85079770,1784039269828.5603,7843,teach_record_20260714_222745_color.mp4
145,4.85435390,1784039269.94223022,948986.88553420,1784039269861.9148,7844,teach_record_20260714_222745_color.mp4
146,4.88699317,1784039269.97486949,948986.91823980,1784039269895.2693,7845,teach_record_20260714_222745_color.mp4
147,4.91979671,1784039270.00767303,948986.95131960,1784039269928.6235,7846,teach_record_20260714_222745_color.mp4
148,4.95340967,1784039270.04128599,948986.98511270,1784039269961.9778,7847,teach_record_20260714_222745_color.mp4
149,4.98616385,1784039270.07404017,948987.01707370,1784039269995.3323,7848,teach_record_20260714_222745_color.mp4
150,5.02062178,1784039270.10849810,948987.05191300,1784039270028.6865,7849,teach_record_20260714_222745_color.mp4
151,5.05351758,1784039270.14139390,948987.08462350,1784039270062.0408,7850,teach_record_20260714_222745_color.mp4
152,5.08726811,1784039270.17514443,948987.11843760,1784039270095.3950,7851,teach_record_20260714_222745_color.mp4
153,5.11967301,1784039270.20754933,948987.15061500,1784039270128.7493,7852,teach_record_20260714_222745_color.mp4
154,5.15400696,1784039270.24188328,948987.18522200,1784039270162.1035,7853,teach_record_20260714_222745_color.mp4
155,5.18685555,1784039270.27473187,948987.21794140,1784039270195.4578,7854,teach_record_20260714_222745_color.mp4
156,5.21918297,1784039270.30705929,948987.25139370,1784039270228.8120,7855,teach_record_20260714_222745_color.mp4
157,5.25335693,1784039270.34123325,948987.28420960,1784039270262.1660,7856,teach_record_20260714_222745_color.mp4
158,5.28718519,1784039270.37506151,948987.31806760,1784039270295.5203,7857,teach_record_20260714_222745_color.mp4
159,5.32005143,1784039270.40792775,948987.35091390,1784039270328.8779,7858,teach_record_20260714_222745_color.mp4
160,5.35233855,1784039270.44021487,948987.38397980,1784039270362.2346,7859,teach_record_20260714_222745_color.mp4
161,5.38785243,1784039270.47572875,948987.41874560,1784039270395.5916,7860,teach_record_20260714_222745_color.mp4
162,5.42047215,1784039270.50834846,948987.45130300,1784039270428.9485,7861,teach_record_20260714_222745_color.mp4
163,5.45359421,1784039270.54147053,948987.48464080,1784039270462.3054,7862,teach_record_20260714_222745_color.mp4
164,5.48670101,1784039270.57457733,948987.51781410,1784039270495.6624,7863,teach_record_20260714_222745_color.mp4
165,5.51828814,1784039270.60616446,948987.55062120,1784039270529.0190,7864,teach_record_20260714_222745_color.mp4
166,5.55411196,1784039270.64198828,948987.58514140,1784039270562.3760,7865,teach_record_20260714_222745_color.mp4
167,5.58764887,1784039270.67552519,948987.61852610,1784039270595.7329,7866,teach_record_20260714_222745_color.mp4
168,5.62162638,1784039270.70950270,948987.65289100,1784039270629.0896,7867,teach_record_20260714_222745_color.mp4
169,5.65402579,1784039270.74190211,948987.68522110,1784039270662.4465,7868,teach_record_20260714_222745_color.mp4
170,5.68707633,1784039270.77495265,948987.71803180,1784039270695.8035,7869,teach_record_20260714_222745_color.mp4
171,5.71951771,1784039270.80739403,948987.75085290,1784039270729.1602,7870,teach_record_20260714_222745_color.mp4
172,5.75338006,1784039270.84125638,948987.78453180,1784039270762.5171,7871,teach_record_20260714_222745_color.mp4
173,5.78835177,1784039270.87622809,948987.81960180,1784039270795.8738,7872,teach_record_20260714_222745_color.mp4
174,5.82085037,1784039270.90872669,948987.85198330,1784039270829.2307,7873,teach_record_20260714_222745_color.mp4
175,5.85420084,1784039270.94207716,948987.88543990,1784039270862.5874,7874,teach_record_20260714_222745_color.mp4
176,5.88719726,1784039270.97507358,948987.91845580,1784039270895.9441,7875,teach_record_20260714_222745_color.mp4
177,5.91978312,1784039271.00765944,948987.95146050,1784039270929.3010,7876,teach_record_20260714_222745_color.mp4
178,5.95390749,1784039271.04178381,948987.98503600,1784039270962.6577,7877,teach_record_20260714_222745_color.mp4
179,5.98670053,1784039271.07457685,948988.01821440,1784039270996.0144,7878,teach_record_20260714_222745_color.mp4
180,6.01993299,1784039271.10780931,948988.05115280,1784039271029.3713,7879,teach_record_20260714_222745_color.mp4
181,6.05392265,1784039271.14179897,948988.08484150,1784039271062.7280,7880,teach_record_20260714_222745_color.mp4
182,6.08672380,1784039271.17460012,948988.11786900,1784039271096.0847,7881,teach_record_20260714_222745_color.mp4
183,6.12025690,1784039271.20813322,948988.15147170,1784039271129.4414,7882,teach_record_20260714_222745_color.mp4
184,6.15454340,1784039271.24241972,948988.18540460,1784039271162.7981,7883,teach_record_20260714_222745_color.mp4
185,6.18682981,1784039271.27470613,948988.21854170,1784039271196.1548,7884,teach_record_20260714_222745_color.mp4
186,6.22082067,1784039271.30869699,948988.25192410,1784039271229.5117,7885,teach_record_20260714_222745_color.mp4
187,6.25328469,1784039271.34116101,948988.28496110,1784039271262.8684,7886,teach_record_20260714_222745_color.mp4
188,6.28776860,1784039271.37564492,948988.31905140,1784039271296.2251,7887,teach_record_20260714_222745_color.mp4
189,6.32060003,1784039271.40847635,948988.35187060,1784039271329.5818,7888,teach_record_20260714_222745_color.mp4
190,6.35434604,1784039271.44222236,948988.38530470,1784039271362.9392,7889,teach_record_20260714_222745_color.mp4
191,6.38723469,1784039271.47511101,948988.41834500,1784039271396.2959,7890,teach_record_20260714_222745_color.mp4
192,6.42114663,1784039271.50902295,948988.45331890,1784039271429.6526,7891,teach_record_20260714_222745_color.mp4
193,6.45260119,1784039271.54047751,948988.48485820,1784039271463.0093,7892,teach_record_20260714_222745_color.mp4
194,6.48675179,1784039271.57462811,948988.51833750,1784039271496.3657,7893,teach_record_20260714_222745_color.mp4
195,6.52178288,1784039271.60965919,948988.55299380,1784039271529.7224,7894,teach_record_20260714_222745_color.mp4
196,6.55402446,1784039271.64190078,948988.58510230,1784039271563.0791,7895,teach_record_20260714_222745_color.mp4
197,6.58669138,1784039271.67456770,948988.61824300,1784039271596.4358,7896,teach_record_20260714_222745_color.mp4
198,6.62088418,1784039271.70876050,948988.65196320,1784039271629.7925,7897,teach_record_20260714_222745_color.mp4
199,6.65426040,1784039271.74213672,948988.68520540,1784039271663.1489,7898,teach_record_20260714_222745_color.mp4
200,6.68773174,1784039271.77560806,948988.71865730,1784039271696.5056,7899,teach_record_20260714_222745_color.mp4
201,6.72045016,1784039271.80832648,948988.75168500,1784039271729.8621,7900,teach_record_20260714_222745_color.mp4
202,6.75455642,1784039271.84243274,948988.78554620,1784039271763.2188,7901,teach_record_20260714_222745_color.mp4
203,6.78807735,1784039271.87595367,948988.81902310,1784039271796.5752,7902,teach_record_20260714_222745_color.mp4
204,6.82119083,1784039271.90906715,948988.85236690,1784039271829.9319,7903,teach_record_20260714_222745_color.mp4
205,6.85437608,1784039271.94225240,948988.88577480,1784039271863.2883,7904,teach_record_20260714_222745_color.mp4
206,6.88823795,1784039271.97611427,948988.91999540,1784039271896.6450,7905,teach_record_20260714_222745_color.mp4
207,6.92112923,1784039272.00900555,948988.95195690,1784039271930.0015,7906,teach_record_20260714_222745_color.mp4
208,6.95466137,1784039272.04253769,948988.98634570,1784039271963.3579,7907,teach_record_20260714_222745_color.mp4
209,6.98775840,1784039272.07563472,948989.02003810,1784039271996.7144,7908,teach_record_20260714_222745_color.mp4
210,7.02054071,1784039272.10841703,948989.05250960,1784039272030.0708,7909,teach_record_20260714_222745_color.mp4
211,7.05519414,1784039272.14307046,948989.08613360,1784039272063.4275,7910,teach_record_20260714_222745_color.mp4
212,7.08833480,1784039272.17621112,948989.11942450,1784039272096.7839,7911,teach_record_20260714_222745_color.mp4
213,7.12185574,1784039272.20973206,948989.15303090,1784039272130.1404,7912,teach_record_20260714_222745_color.mp4
214,7.15377355,1784039272.24164987,948989.18562240,1784039272163.4968,7913,teach_record_20260714_222745_color.mp4
215,7.18777966,1784039272.27565598,948989.21953460,1784039272196.8530,7914,teach_record_20260714_222745_color.mp4
216,7.22177124,1784039272.30964756,948989.25282310,1784039272230.2095,7915,teach_record_20260714_222745_color.mp4
217,7.25457311,1784039272.34244943,948989.28552260,1784039272263.5659,7916,teach_record_20260714_222745_color.mp4
218,7.28779602,1784039272.37567234,948989.31902100,1784039272296.9224,7917,teach_record_20260714_222745_color.mp4
219,7.32225060,1784039272.41012692,948989.35393020,1784039272330.2788,7918,teach_record_20260714_222745_color.mp4
220,7.35349822,1784039272.44137454,948989.38544840,1784039272363.6350,7919,teach_record_20260714_222745_color.mp4
221,7.38833904,1784039272.47621536,948989.41934740,1784039272396.9924,7920,teach_record_20260714_222745_color.mp4
222,7.42062998,1784039272.50850630,948989.45227230,1784039272430.3477,7921,teach_record_20260714_222745_color.mp4
223,7.45445013,1784039272.54232645,948989.48536880,1784039272463.7031,7922,teach_record_20260714_222745_color.mp4
224,7.48621416,1784039272.57409048,948989.51878520,1784039272497.0583,7923,teach_record_20260714_222745_color.mp4
225,7.52223754,1784039272.61011386,948989.55325100,1784039272530.4138,7924,teach_record_20260714_222745_color.mp4
226,7.55444908,1784039272.64232540,948989.58555610,1784039272563.7690,7925,teach_record_20260714_222745_color.mp4
227,7.58779478,1784039272.67567110,948989.61886620,1784039272597.1243,7926,teach_record_20260714_222745_color.mp4
228,7.62058306,1784039272.70845938,948989.65229420,1784039272630.4795,7927,teach_record_20260714_222745_color.mp4
229,7.65422750,1784039272.74210382,948989.68620440,1784039272663.8347,7928,teach_record_20260714_222745_color.mp4
230,7.68775153,1784039272.77562785,948989.71980540,1784039272697.1899,7929,teach_record_20260714_222745_color.mp4
231,7.72182322,1784039272.80969954,948989.75345140,1784039272730.5452,7930,teach_record_20260714_222745_color.mp4
232,7.75425839,1784039272.84213471,948989.78610250,1784039272763.9004,7931,teach_record_20260714_222745_color.mp4
233,7.78832674,1784039272.87620306,948989.81952110,1784039272797.2556,7932,teach_record_20260714_222745_color.mp4
234,7.82059479,1784039272.90847111,948989.85236810,1784039272830.6106,7933,teach_record_20260714_222745_color.mp4
235,7.85548162,1784039272.94335794,948989.88640030,1784039272863.9658,7934,teach_record_20260714_222745_color.mp4
236,7.88793802,1784039272.97581434,948989.92017720,1784039272897.3208,7935,teach_record_20260714_222745_color.mp4
237,7.92128634,1784039273.00916266,948989.95285020,1784039272930.6758,7936,teach_record_20260714_222745_color.mp4
238,7.95614767,1784039273.04402399,948989.98710700,1784039272964.0310,7937,teach_record_20260714_222745_color.mp4
239,7.98902798,1784039273.07690430,948990.02024840,1784039272997.3860,7938,teach_record_20260714_222745_color.mp4
240,8.02241492,1784039273.11029124,948990.05326900,1784039273030.7410,7939,teach_record_20260714_222745_color.mp4
241,8.05550194,1784039273.14337826,948990.08657110,1784039273064.0959,7940,teach_record_20260714_222745_color.mp4
242,8.08897877,1784039273.17685509,948990.12029960,1784039273097.4507,7941,teach_record_20260714_222745_color.mp4
243,8.12276101,1784039273.21063733,948990.15394610,1784039273130.8057,7942,teach_record_20260714_222745_color.mp4
244,8.15696764,1784039273.24484396,948990.18811850,1784039273164.1606,7943,teach_record_20260714_222745_color.mp4
245,8.18988347,1784039273.27775979,948990.22109220,1784039273197.5154,7944,teach_record_20260714_222745_color.mp4
246,8.22228074,1784039273.31015706,948990.25334370,1784039273230.8704,7945,teach_record_20260714_222745_color.mp4
247,8.25504589,1784039273.34292221,948990.28671960,1784039273264.2251,7946,teach_record_20260714_222745_color.mp4
248,8.28778553,1784039273.37566185,948990.31968620,1784039273297.5801,7947,teach_record_20260714_222745_color.mp4
249,8.32195711,1784039273.40983343,948990.35293260,1784039273330.9348,7948,teach_record_20260714_222745_color.mp4
250,8.35575342,1784039273.44362974,948990.38741880,1784039273364.2896,7949,teach_record_20260714_222745_color.mp4
251,8.38940907,1784039273.47728539,948990.42039810,1784039273397.6443,7950,teach_record_20260714_222745_color.mp4
252,8.42269945,1784039273.51057577,948990.45370140,1784039273431.0012,7951,teach_record_20260714_222745_color.mp4
253,8.45693851,1784039273.54481483,948990.48800660,1784039273464.3572,7952,teach_record_20260714_222745_color.mp4
254,8.48960638,1784039273.57748270,948990.52046250,1784039273497.7134,7953,teach_record_20260714_222745_color.mp4
255,8.52228832,1784039273.61016464,948990.55342810,1784039273531.0693,7954,teach_record_20260714_222745_color.mp4
256,8.55537534,1784039273.64325166,948990.58625550,1784039273564.4253,7955,teach_record_20260714_222745_color.mp4
257,8.58805823,1784039273.67593455,948990.61994440,1784039273597.7812,7956,teach_record_20260714_222745_color.mp4
258,8.62277555,1784039273.71065187,948990.65382770,1784039273631.1372,7957,teach_record_20260714_222745_color.mp4
259,8.65406227,1784039273.74193859,948990.68631180,1784039273664.4932,7958,teach_record_20260714_222745_color.mp4
260,8.68890309,1784039273.77677941,948990.72056400,1784039273697.8491,7959,teach_record_20260714_222745_color.mp4
261,8.72020626,1784039273.80808258,948990.75314640,1784039273731.2048,7960,teach_record_20260714_222745_color.mp4
262,8.75563192,1784039273.84350824,948990.78707390,1784039273764.5608,7961,teach_record_20260714_222745_color.mp4
263,8.78932977,1784039273.87720609,948990.82024930,1784039273797.9167,7962,teach_record_20260714_222745_color.mp4
264,8.82294321,1784039273.91081953,948990.85410130,1784039273831.2725,7963,teach_record_20260714_222745_color.mp4
265,8.85634303,1784039273.94421935,948990.88795860,1784039273864.6284,7964,teach_record_20260714_222745_color.mp4
266,8.88952065,1784039273.97739697,948990.92063920,1784039273897.9841,7965,teach_record_20260714_222745_color.mp4
267,8.92232251,1784039274.01019883,948990.95392630,1784039273931.3398,7966,teach_record_20260714_222745_color.mp4
268,8.95476961,1784039274.04264593,948990.98656820,1784039273964.6958,7967,teach_record_20260714_222745_color.mp4
269,8.98861766,1784039274.07649398,948991.02027300,1784039273998.0515,7968,teach_record_20260714_222745_color.mp4
270,9.02262282,1784039274.11049914,948991.05389880,1784039274031.4072,7969,teach_record_20260714_222745_color.mp4
271,9.05761123,1784039274.14548755,948991.08866370,1784039274064.7629,7970,teach_record_20260714_222745_color.mp4
272,9.09047771,1784039274.17835402,948991.12147100,1784039274098.1187,7971,teach_record_20260714_222745_color.mp4
273,9.12421465,1784039274.21209097,948991.15526480,1784039274131.4744,7972,teach_record_20260714_222745_color.mp4
274,9.15777493,1784039274.24565125,948991.18896420,1784039274164.8301,7973,teach_record_20260714_222745_color.mp4
275,9.18984056,1784039274.27771688,948991.22084750,1784039274198.1855,7974,teach_record_20260714_222745_color.mp4
276,9.22387004,1784039274.31174636,948991.25507740,1784039274231.5413,7975,teach_record_20260714_222745_color.mp4
277,9.25818229,1784039274.34605861,948991.29000730,1784039274264.8970,7976,teach_record_20260714_222745_color.mp4
278,9.28993392,1784039274.37781024,948991.32184750,1784039274298.2524,7977,teach_record_20260714_222745_color.mp4
279,9.32231498,1784039274.41019130,948991.35443500,1784039274331.6082,7978,teach_record_20260714_222745_color.mp4
280,9.35567164,1784039274.44354796,948991.38699540,1784039274364.9636,7979,teach_record_20260714_222745_color.mp4
281,9.39020872,1784039274.47808504,948991.42106800,1784039274398.3193,7980,teach_record_20260714_222745_color.mp4
282,9.42276359,1784039274.51063991,948991.45413440,1784039274431.6748,7981,teach_record_20260714_222745_color.mp4
283,9.45613122,1784039274.54400754,948991.48811400,1784039274465.0315,7982,teach_record_20260714_222745_color.mp4
284,9.48969913,1784039274.57757545,948991.52074340,1784039274498.3906,7983,teach_record_20260714_222745_color.mp4
285,9.52285647,1784039274.61073279,948991.55403800,1784039274531.7498,7984,teach_record_20260714_222745_color.mp4
286,9.55901027,1784039274.64688659,948991.58994340,1784039274565.1091,7985,teach_record_20260714_222745_color.mp4
287,9.59014559,1784039274.67802191,948991.62105730,1784039274598.4683,7986,teach_record_20260714_222745_color.mp4
288,9.62285995,1784039274.71073627,948991.65375820,1784039274631.8274,7987,teach_record_20260714_222745_color.mp4
289,9.65644050,1784039274.74431682,948991.68765800,1784039274665.1868,7988,teach_record_20260714_222745_color.mp4
290,9.68959808,1784039274.77747440,948991.72140540,1784039274698.5459,7989,teach_record_20260714_222745_color.mp4
291,9.72254658,1784039274.81042290,948991.75438650,1784039274731.9053,7990,teach_record_20260714_222745_color.mp4
292,9.75650930,1784039274.84438562,948991.78805830,1784039274765.2646,7991,teach_record_20260714_222745_color.mp4
293,9.78984499,1784039274.87772131,948991.82132020,1784039274798.6238,7992,teach_record_20260714_222745_color.mp4
294,9.82212996,1784039274.91000628,948991.85437080,1784039274831.9832,7993,teach_record_20260714_222745_color.mp4
295,9.85656190,1784039274.94443822,948991.88749860,1784039274865.3425,7994,teach_record_20260714_222745_color.mp4
296,9.88986492,1784039274.97774124,948991.92076310,1784039274898.7019,7995,teach_record_20260714_222745_color.mp4
297,9.92334175,1784039275.01121807,948991.95514450,1784039274932.0613,7996,teach_record_20260714_222745_color.mp4
298,9.95628047,1784039275.04415679,948991.98775960,1784039274965.4207,7997,teach_record_20260714_222745_color.mp4
299,9.99116015,1784039275.07903647,948992.02217470,1784039274998.7800,7998,teach_record_20260714_222745_color.mp4
300,10.02246165,1784039275.11033797,948992.05405780,1784039275032.1394,7999,teach_record_20260714_222745_color.mp4
301,10.05734086,1784039275.14521718,948992.08832460,1784039275065.4988,8000,teach_record_20260714_222745_color.mp4
302,10.09005952,1784039275.17793584,948992.12153460,1784039275098.8582,8001,teach_record_20260714_222745_color.mp4
303,10.12469339,1784039275.21256971,948992.15566140,1784039275132.2178,8002,teach_record_20260714_222745_color.mp4
304,10.15714693,1784039275.24502325,948992.18824780,1784039275165.5771,8003,teach_record_20260714_222745_color.mp4
305,10.19068289,1784039275.27855921,948992.22179070,1784039275198.9365,8004,teach_record_20260714_222745_color.mp4
306,10.22367072,1784039275.31154704,948992.25469860,1784039275232.2961,8005,teach_record_20260714_222745_color.mp4
307,10.25606155,1784039275.34393787,948992.28790230,1784039275265.6558,8006,teach_record_20260714_222745_color.mp4
308,10.28911114,1784039275.37698746,948992.32084700,1784039275299.0151,8007,teach_record_20260714_222745_color.mp4
309,10.32586884,1784039275.41374516,948992.35753640,1784039275332.3748,8008,teach_record_20260714_222745_color.mp4
310,10.35835409,1784039275.44623041,948992.38922300,1784039275365.7344,8009,teach_record_20260714_222745_color.mp4
311,10.39064193,1784039275.47851825,948992.42207880,1784039275399.0938,8010,teach_record_20260714_222745_color.mp4
312,10.42325997,1784039275.51113629,948992.45449880,1784039275432.4534,8011,teach_record_20260714_222745_color.mp4
313,10.45729160,1784039275.54516792,948992.48821700,1784039275465.8130,8012,teach_record_20260714_222745_color.mp4
314,10.49045873,1784039275.57833505,948992.52140600,1784039275499.1699,8013,teach_record_20260714_222745_color.mp4
315,10.52502799,1784039275.61290431,948992.55600690,1784039275532.5269,8014,teach_record_20260714_222745_color.mp4
316,10.55735278,1784039275.64522910,948992.58847200,1784039275565.8862,8015,teach_record_20260714_222745_color.mp4
317,10.58959842,1784039275.67747474,948992.62129940,1784039275599.2456,8016,teach_record_20260714_222745_color.mp4
318,10.62386084,1784039275.71173716,948992.65547200,1784039275632.6050,8017,teach_record_20260714_222745_color.mp4
319,10.65787053,1784039275.74574685,948992.68875660,1784039275665.9644,8018,teach_record_20260714_222745_color.mp4
320,10.69277740,1784039275.78065372,948992.72451140,1784039275699.3240,8019,teach_record_20260714_222745_color.mp4
321,10.72270393,1784039275.81058025,948992.75449420,1784039275732.6833,8020,teach_record_20260714_222745_color.mp4
322,10.75734496,1784039275.84522128,948992.78849840,1784039275766.0430,8021,teach_record_20260714_222745_color.mp4
323,10.79034829,1784039275.87822461,948992.82155690,1784039275799.4023,8022,teach_record_20260714_222745_color.mp4
324,10.82380414,1784039275.91168046,948992.85471640,1784039275832.7620,8023,teach_record_20260714_222745_color.mp4
325,10.85704398,1784039275.94492030,948992.88836140,1784039275866.1213,8024,teach_record_20260714_222745_color.mp4
326,10.88955140,1784039275.97742772,948992.92137690,1784039275899.4810,8025,teach_record_20260714_222745_color.mp4
327,10.92417359,1784039276.01204991,948992.95508210,1784039275932.8406,8026,teach_record_20260714_222745_color.mp4
328,10.95970130,1784039276.04757762,948992.99073240,1784039275966.2000,8027,teach_record_20260714_222745_color.mp4
329,10.99061179,1784039276.07848811,948993.02182090,1784039275999.5596,8028,teach_record_20260714_222745_color.mp4
330,11.02605677,1784039276.11393309,948993.05816200,1784039276032.9192,8029,teach_record_20260714_222745_color.mp4
331,11.05903959,1784039276.14691591,948993.08998260,1784039276066.2788,8030,teach_record_20260714_222745_color.mp4
332,11.09128237,1784039276.17915869,948993.12220240,1784039276099.6384,8031,teach_record_20260714_222745_color.mp4
333,11.12473464,1784039276.21261096,948993.15589180,1784039276132.9980,8032,teach_record_20260714_222745_color.mp4
334,11.15837884,1784039276.24625516,948993.18944170,1784039276166.3577,8033,teach_record_20260714_222745_color.mp4
335,11.19154453,1784039276.27942085,948993.22238260,1784039276199.7173,8034,teach_record_20260714_222745_color.mp4
336,11.22452927,1784039276.31240559,948993.25537950,1784039276233.0771,8035,teach_record_20260714_222745_color.mp4
337,11.25760102,1784039276.34547734,948993.28868380,1784039276266.4368,8036,teach_record_20260714_222745_color.mp4
338,11.29397202,1784039276.38184834,948993.32485650,1784039276299.7964,8037,teach_record_20260714_222745_color.mp4
339,11.32392335,1784039276.41179967,948993.35489830,1784039276333.1562,8038,teach_record_20260714_222745_color.mp4
340,11.35792089,1784039276.44579720,948993.39021110,1784039276366.5159,8039,teach_record_20260714_222745_color.mp4
341,11.39098668,1784039276.47886300,948993.42205980,1784039276399.8757,8040,teach_record_20260714_222745_color.mp4
342,11.42541075,1784039276.51328707,948993.45632900,1784039276433.2354,8041,teach_record_20260714_222745_color.mp4
343,11.45815682,1784039276.54603314,948993.48918720,1784039276466.5952,8042,teach_record_20260714_222745_color.mp4
344,11.49163795,1784039276.57951427,948993.52285720,1784039276499.9551,8043,teach_record_20260714_222745_color.mp4
345,11.52399635,1784039276.61187267,948993.55518400,1784039276533.3147,8044,teach_record_20260714_222745_color.mp4
346,11.55798602,1784039276.64586234,948993.58906950,1784039276566.6719,8045,teach_record_20260714_222745_color.mp4
347,11.59143043,1784039276.67930675,948993.62241270,1784039276600.0322,8046,teach_record_20260714_222745_color.mp4
348,11.62446833,1784039276.71234465,948993.65542420,1784039276633.3923,8047,teach_record_20260714_222745_color.mp4
349,11.65774155,1784039276.74561787,948993.68868360,1784039276666.7527,8048,teach_record_20260714_222745_color.mp4
350,11.69188857,1784039276.77976489,948993.72338680,1784039276700.1130,8049,teach_record_20260714_222745_color.mp4
351,11.72477412,1784039276.81265044,948993.75611130,1784039276733.4734,8050,teach_record_20260714_222745_color.mp4
352,11.75743532,1784039276.84531164,948993.78865630,1784039276766.8337,8051,teach_record_20260714_222745_color.mp4
353,11.79140735,1784039276.87928367,948993.82239350,1784039276800.1943,8052,teach_record_20260714_222745_color.mp4
354,11.82460427,1784039276.91248059,948993.85586150,1784039276833.5547,8053,teach_record_20260714_222745_color.mp4
355,11.85841894,1784039276.94629526,948993.88953640,1784039276866.9153,8054,teach_record_20260714_222745_color.mp4
356,11.89155388,1784039276.97943020,948993.92290710,1784039276900.2759,8055,teach_record_20260714_222745_color.mp4
357,11.92421722,1784039277.01209354,948993.95543840,1784039276933.6365,8056,teach_record_20260714_222745_color.mp4
358,11.95829749,1784039277.04617381,948993.98921790,1784039276966.9971,8057,teach_record_20260714_222745_color.mp4
359,11.99194789,1784039277.07982421,948994.02360510,1784039277000.3577,8058,teach_record_20260714_222745_color.mp4
360,12.02502370,1784039277.11290002,948994.05657180,1784039277033.7183,8059,teach_record_20260714_222745_color.mp4
361,12.05804181,1784039277.14591813,948994.08887670,1784039277067.0791,8060,teach_record_20260714_222745_color.mp4
362,12.09048724,1784039277.17836356,948994.12223970,1784039277100.4397,8061,teach_record_20260714_222745_color.mp4
363,12.12460732,1784039277.21248364,948994.15562040,1784039277133.8005,8062,teach_record_20260714_222745_color.mp4
364,12.15872073,1784039277.24659705,948994.18989620,1784039277167.1614,8063,teach_record_20260714_222745_color.mp4
365,12.19160986,1784039277.27948618,948994.22271150,1784039277200.5222,8064,teach_record_20260714_222745_color.mp4
366,12.22482657,1784039277.31270289,948994.25577950,1784039277233.8831,8065,teach_record_20260714_222745_color.mp4
367,12.26064920,1784039277.34852552,948994.29170850,1784039277267.2439,8066,teach_record_20260714_222745_color.mp4
368,12.29265380,1784039277.38053012,948994.32351100,1784039277300.6050,8067,teach_record_20260714_222745_color.mp4
369,12.32596993,1784039277.41384625,948994.35781950,1784039277333.9658,8068,teach_record_20260714_222745_color.mp4
370,12.35999656,1784039277.44787288,948994.39110400,1784039277367.3269,8069,teach_record_20260714_222745_color.mp4
371,12.39249420,1784039277.48037052,948994.42348270,1784039277400.6880,8070,teach_record_20260714_222745_color.mp4
372,12.42465615,1784039277.51253247,948994.45598210,1784039277434.0491,8071,teach_record_20260714_222745_color.mp4
373,12.45881224,1784039277.54668856,948994.48969880,1784039277467.4102,8072,teach_record_20260714_222745_color.mp4
374,12.49197769,1784039277.57985401,948994.52310870,1784039277500.7712,8073,teach_record_20260714_222745_color.mp4
375,12.52537870,1784039277.61325502,948994.55621870,1784039277534.1326,8074,teach_record_20260714_222745_color.mp4
376,12.55892587,1784039277.64680219,948994.58979770,1784039277567.4937,8075,teach_record_20260714_222745_color.mp4
377,12.59155178,1784039277.67942810,948994.62334170,1784039277600.8511,8076,teach_record_20260714_222745_color.mp4
378,12.62568450,1784039277.71356082,948994.65768190,1784039277634.2092,8077,teach_record_20260714_222745_color.mp4
379,12.65875554,1784039277.74663186,948994.68970400,1784039277667.5674,8078,teach_record_20260714_222745_color.mp4
380,12.69264674,1784039277.78052306,948994.72363640,1784039277700.9253,8079,teach_record_20260714_222745_color.mp4
381,12.72517323,1784039277.81304955,948994.75653440,1784039277734.2834,8080,teach_record_20260714_222745_color.mp4
382,12.76019812,1784039277.84807444,948994.79144460,1784039277767.6416,8081,teach_record_20260714_222745_color.mp4
383,12.79227662,1784039277.88015294,948994.82390120,1784039277800.9998,8082,teach_record_20260714_222745_color.mp4
384,12.82538915,1784039277.91326547,948994.85727130,1784039277834.3577,8083,teach_record_20260714_222745_color.mp4
385,12.85912871,1784039277.94700503,948994.89081570,1784039277867.7158,8084,teach_record_20260714_222745_color.mp4
386,12.89144206,1784039277.97931838,948994.92322180,1784039277901.0740,8085,teach_record_20260714_222745_color.mp4
387,12.92524743,1784039278.01312375,948994.95742450,1784039277934.4321,8086,teach_record_20260714_222745_color.mp4
388,12.95824099,1784039278.04611731,948994.98966530,1784039277967.7903,8087,teach_record_20260714_222745_color.mp4
389,12.99203348,1784039278.07990980,948995.02318990,1784039278001.1484,8088,teach_record_20260714_222745_color.mp4
390,13.02482605,1784039278.11270237,948995.05627670,1784039278034.5066,8089,teach_record_20260714_222745_color.mp4
391,13.05914521,1784039278.14702153,948995.09010370,1784039278067.8647,8090,teach_record_20260714_222745_color.mp4
392,13.09252834,1784039278.18040466,948995.12364880,1784039278101.2229,8091,teach_record_20260714_222745_color.mp4
393,13.12658024,1784039278.21445656,948995.15822150,1784039278134.5813,8092,teach_record_20260714_222745_color.mp4
394,13.15886116,1784039278.24673748,948995.18969110,1784039278167.9395,8093,teach_record_20260714_222745_color.mp4
395,13.19284415,1784039278.28072047,948995.22371840,1784039278201.2976,8094,teach_record_20260714_222745_color.mp4
396,13.22450638,1784039278.31238270,948995.25648130,1784039278234.6560,8095,teach_record_20260714_222745_color.mp4
397,13.25944424,1784039278.34732056,948995.29065970,1784039278268.0142,8096,teach_record_20260714_222745_color.mp4
398,13.29311180,1784039278.38098812,948995.32431970,1784039278301.3723,8097,teach_record_20260714_222745_color.mp4
399,13.32562208,1784039278.41349840,948995.35671260,1784039278334.7307,8098,teach_record_20260714_222745_color.mp4
400,13.35911703,1784039278.44699335,948995.39027060,1784039278368.0889,8099,teach_record_20260714_222745_color.mp4
401,13.39269900,1784039278.48057532,948995.42402300,1784039278401.4473,8100,teach_record_20260714_222745_color.mp4
402,13.42914152,1784039278.51701784,948995.46005230,1784039278434.8054,8101,teach_record_20260714_222745_color.mp4
403,13.45991707,1784039278.54779339,948995.49103910,1784039278468.1638,8102,teach_record_20260714_222745_color.mp4
404,13.49249649,1784039278.58037281,948995.52357750,1784039278501.5222,8103,teach_record_20260714_222745_color.mp4
405,13.52583504,1784039278.61371136,948995.55667620,1784039278534.8804,8104,teach_record_20260714_222745_color.mp4
406,13.55713964,1784039278.64501595,948995.59019570,1784039278568.2388,8105,teach_record_20260714_222745_color.mp4
407,13.59182191,1784039278.67969823,948995.62382410,1784039278601.5972,8106,teach_record_20260714_222745_color.mp4
408,13.62603951,1784039278.71391582,948995.65727110,1784039278634.9548,8107,teach_record_20260714_222745_color.mp4
409,13.65976262,1784039278.74763894,948995.69145390,1784039278668.3115,8108,teach_record_20260714_222745_color.mp4
410,13.69236946,1784039278.78024578,948995.72416920,1784039278701.6680,8109,teach_record_20260714_222745_color.mp4
411,13.72606421,1784039278.81394053,948995.75736430,1784039278735.0244,8110,teach_record_20260714_222745_color.mp4
412,13.75930595,1784039278.84718227,948995.79097930,1784039278768.3811,8111,teach_record_20260714_222745_color.mp4
413,13.79331183,1784039278.88118815,948995.82468670,1784039278801.7375,8112,teach_record_20260714_222745_color.mp4
414,13.82575989,1784039278.91363621,948995.85730640,1784039278835.0942,8113,teach_record_20260714_222745_color.mp4
415,13.85811520,1784039278.94599152,948995.89018200,1784039278868.4507,8114,teach_record_20260714_222745_color.mp4
416,13.89223766,1784039278.98011398,948995.92396650,1784039278901.8071,8115,teach_record_20260714_222745_color.mp4
417,13.92579794,1784039279.01367426,948995.95685640,1784039278935.1636,8116,teach_record_20260714_222745_color.mp4
418,13.95898771,1784039279.04686403,948995.99029840,1784039278968.5200,8117,teach_record_20260714_222745_color.mp4
419,13.99414659,1784039279.08202291,948996.02502680,1784039279001.8767,8118,teach_record_20260714_222745_color.mp4
420,14.02648401,1784039279.11436033,948996.05749080,1784039279035.2332,8119,teach_record_20260714_222745_color.mp4
421,14.05894375,1784039279.14682007,948996.09078720,1784039279068.5896,8120,teach_record_20260714_222745_color.mp4
422,14.09258246,1784039279.18045878,948996.12442960,1784039279101.9460,8121,teach_record_20260714_222745_color.mp4
423,14.12720752,1784039279.21508384,948996.15835280,1784039279135.3025,8122,teach_record_20260714_222745_color.mp4
424,14.16073060,1784039279.24860692,948996.19174650,1784039279168.6589,8123,teach_record_20260714_222745_color.mp4
425,14.19359422,1784039279.28147054,948996.22465710,1784039279202.0151,8124,teach_record_20260714_222745_color.mp4
426,14.22714686,1784039279.31502318,948996.25873620,1784039279235.3716,8125,teach_record_20260714_222745_color.mp4
427,14.25829196,1784039279.34616828,948996.29046530,1784039279268.7280,8126,teach_record_20260714_222745_color.mp4
428,14.29340553,1784039279.38128185,948996.32562150,1784039279302.0845,8127,teach_record_20260714_222745_color.mp4
429,14.32655430,1784039279.41443062,948996.35774380,1784039279335.4409,8128,teach_record_20260714_222745_color.mp4
430,14.35830760,1784039279.44618392,948996.39054190,1784039279368.7971,8129,teach_record_20260714_222745_color.mp4
431,14.39367485,1784039279.48155117,948996.42492390,1784039279402.1536,8130,teach_record_20260714_222745_color.mp4
432,14.42687011,1784039279.51474643,948996.45855030,1784039279435.5100,8131,teach_record_20260714_222745_color.mp4
433,14.46026635,1784039279.54814267,948996.49147170,1784039279468.8662,8132,teach_record_20260714_222745_color.mp4
434,14.49465823,1784039279.58253455,948996.52554360,1784039279502.2227,8133,teach_record_20260714_222745_color.mp4
435,14.52729774,1784039279.61517406,948996.55862110,1784039279535.5789,8134,teach_record_20260714_222745_color.mp4
436,14.55989194,1784039279.64776826,948996.59108260,1784039279568.9353,8135,teach_record_20260714_222745_color.mp4
437,14.59484005,1784039279.68271637,948996.62583200,1784039279602.2915,8136,teach_record_20260714_222745_color.mp4
438,14.62589884,1784039279.71377516,948996.65835050,1784039279635.6479,8137,teach_record_20260714_222745_color.mp4
439,14.65939975,1784039279.74727607,948996.69118040,1784039279669.0054,8138,teach_record_20260714_222745_color.mp4
440,14.69406104,1784039279.78193736,948996.72527550,1784039279702.3643,8139,teach_record_20260714_222745_color.mp4
441,14.72697759,1784039279.81485391,948996.75805710,1784039279735.7229,8140,teach_record_20260714_222745_color.mp4
442,14.76147604,1784039279.84935236,948996.79259860,1784039279769.0815,8141,teach_record_20260714_222745_color.mp4
443,14.79365444,1784039279.88153076,948996.82480270,1784039279802.4404,8142,teach_record_20260714_222745_color.mp4
444,14.82705259,1784039279.91492891,948996.85816590,1784039279835.7991,8143,teach_record_20260714_222745_color.mp4
445,14.86044240,1784039279.94831872,948996.89134220,1784039279869.1580,8144,teach_record_20260714_222745_color.mp4
446,14.89327621,1784039279.98115253,948996.92453740,1784039279902.5166,8145,teach_record_20260714_222745_color.mp4
447,14.92790174,1784039280.01577806,948996.95877060,1784039279935.8755,8146,teach_record_20260714_222745_color.mp4
448,14.96359134,1784039280.05146766,948996.99443930,1784039279969.2344,8147,teach_record_20260714_222745_color.mp4
449,14.99462557,1784039280.08250189,948997.02570750,1784039280002.5930,8148,teach_record_20260714_222745_color.mp4
450,15.02678514,1784039280.11466146,948997.05887670,1784039280035.9519,8149,teach_record_20260714_222745_color.mp4
451,15.06157589,1784039280.14945221,948997.09267870,1784039280069.3108,8150,teach_record_20260714_222745_color.mp4
452,15.09582639,1784039280.18370271,948997.12756390,1784039280102.6697,8151,teach_record_20260714_222745_color.mp4
453,15.12695169,1784039280.21482801,948997.15830270,1784039280136.0283,8152,teach_record_20260714_222745_color.mp4
454,15.16051269,1784039280.24838901,948997.19280130,1784039280169.3872,8153,teach_record_20260714_222745_color.mp4
455,15.19418621,1784039280.28206253,948997.22539450,1784039280202.7461,8154,teach_record_20260714_222745_color.mp4
456,15.22733283,1784039280.31520915,948997.25832500,1784039280236.1050,8155,teach_record_20260714_222745_color.mp4
457,15.26073265,1784039280.34860897,948997.29168140,1784039280269.4639,8156,teach_record_20260714_222745_color.mp4
458,15.29473567,1784039280.38261199,948997.32563640,1784039280302.8228,8157,teach_record_20260714_222745_color.mp4
459,15.32630920,1784039280.41418552,948997.35803740,1784039280336.1819,8158,teach_record_20260714_222745_color.mp4
460,15.36005473,1784039280.44793105,948997.39170160,1784039280369.5408,8159,teach_record_20260714_222745_color.mp4
461,15.39407468,1784039280.48195100,948997.42498340,1784039280402.8997,8160,teach_record_20260714_222745_color.mp4
462,15.42733335,1784039280.51520967,948997.45841350,1784039280436.2585,8161,teach_record_20260714_222745_color.mp4
463,15.46004796,1784039280.54792428,948997.49161210,1784039280469.6177,8162,teach_record_20260714_222745_color.mp4
464,15.49407625,1784039280.58195257,948997.52509400,1784039280502.9766,8163,teach_record_20260714_222745_color.mp4
465,15.52729464,1784039280.61517096,948997.55837470,1784039280536.3354,8164,teach_record_20260714_222745_color.mp4
466,15.56107879,1784039280.64895511,948997.59251270,1784039280569.6946,8165,teach_record_20260714_222745_color.mp4
467,15.59437656,1784039280.68225288,948997.62527080,1784039280603.0535,8166,teach_record_20260714_222745_color.mp4
468,15.62692571,1784039280.71480203,948997.65916600,1784039280636.4126,8167,teach_record_20260714_222745_color.mp4
469,15.65973258,1784039280.74760890,948997.69143980,1784039280669.7715,8168,teach_record_20260714_222745_color.mp4
470,15.69275713,1784039280.78063345,948997.72501270,1784039280703.1294,8169,teach_record_20260714_222745_color.mp4
471,15.72713661,1784039280.81501293,948997.75895960,1784039280736.4861,8170,teach_record_20260714_222745_color.mp4
472,15.76184654,1784039280.84972286,948997.79276900,1784039280769.8428,8171,teach_record_20260714_222745_color.mp4
473,15.79374981,1784039280.88162613,948997.82499680,1784039280803.1995,8172,teach_record_20260714_222745_color.mp4
474,15.82715678,1784039280.91503310,948997.85846310,1784039280836.5564,8173,teach_record_20260714_222745_color.mp4
475,15.86343288,1784039280.95130920,948997.89428620,1784039280869.9131,8174,teach_record_20260714_222745_color.mp4
476,15.89624262,1784039280.98411894,948997.92724280,1784039280903.2698,8175,teach_record_20260714_222745_color.mp4
477,15.92722368,1784039281.01510000,948997.95836800,1784039280936.6265,8176,teach_record_20260714_222745_color.mp4
478,15.96163177,1784039281.04950809,948997.99341270,1784039280969.9832,8177,teach_record_20260714_222745_color.mp4
479,15.99629760,1784039281.08417392,948998.02733750,1784039281003.3398,8178,teach_record_20260714_222745_color.mp4
480,16.02751279,1784039281.11538911,948998.05894750,1784039281036.6965,8179,teach_record_20260714_222745_color.mp4
481,16.06249356,1784039281.15036988,948998.09359470,1784039281070.0532,8180,teach_record_20260714_222745_color.mp4
482,16.09514809,1784039281.18302441,948998.12632260,1784039281103.4099,8181,teach_record_20260714_222745_color.mp4
483,16.12837839,1784039281.21625471,948998.15992280,1784039281136.7666,8182,teach_record_20260714_222745_color.mp4
484,16.16108322,1784039281.24895954,948998.19202560,1784039281170.1233,8183,teach_record_20260714_222745_color.mp4
485,16.19440126,1784039281.28227758,948998.22527850,1784039281203.4797,8184,teach_record_20260714_222745_color.mp4
486,16.22714043,1784039281.31501675,948998.25868790,1784039281236.8364,8185,teach_record_20260714_222745_color.mp4
487,16.26193333,1784039281.34980965,948998.29276640,1784039281270.1931,8186,teach_record_20260714_222745_color.mp4
488,16.29431653,1784039281.38219285,948998.32664950,1784039281303.5498,8187,teach_record_20260714_222745_color.mp4
489,16.32833982,1784039281.41621614,948998.35990260,1784039281336.9062,8188,teach_record_20260714_222745_color.mp4
490,16.36170578,1784039281.44958210,948998.39260090,1784039281370.2629,8189,teach_record_20260714_222745_color.mp4
491,16.39408159,1784039281.48195791,948998.42556520,1784039281403.6196,8190,teach_record_20260714_222745_color.mp4
492,16.42703009,1784039281.51490641,948998.45862170,1784039281436.9761,8191,teach_record_20260714_222745_color.mp4
493,16.46309590,1784039281.55097222,948998.49397070,1784039281470.3328,8192,teach_record_20260714_222745_color.mp4
494,16.49387574,1784039281.58175206,948998.52567960,1784039281503.6892,8193,teach_record_20260714_222745_color.mp4
495,16.52725554,1784039281.61513186,948998.55905800,1784039281537.0459,8194,teach_record_20260714_222745_color.mp4
496,16.56207848,1784039281.64995480,948998.59354050,1784039281570.4023,8195,teach_record_20260714_222745_color.mp4
497,16.59523439,1784039281.68311071,948998.62606000,1784039281603.7590,8196,teach_record_20260714_222745_color.mp4
498,16.62975025,1784039281.71762657,948998.66101110,1784039281637.1155,8197,teach_record_20260714_222745_color.mp4
499,16.66145778,1784039281.74933410,948998.69240600,1784039281670.4719,8198,teach_record_20260714_222745_color.mp4
500,16.69620633,1784039281.78408265,948998.72705160,1784039281703.8286,8199,teach_record_20260714_222745_color.mp4
501,16.72965217,1784039281.81752849,948998.76077140,1784039281737.1863,8200,teach_record_20260714_222745_color.mp4
502,16.76280165,1784039281.85067797,948998.79368760,1784039281770.5442,8201,teach_record_20260714_222745_color.mp4
503,16.79537702,1784039281.88325334,948998.82653810,1784039281803.9023,8202,teach_record_20260714_222745_color.mp4
504,16.82886839,1784039281.91674471,948998.85998260,1784039281837.2605,8203,teach_record_20260714_222745_color.mp4
505,16.86386228,1784039281.95173860,948998.89490970,1784039281870.6187,8204,teach_record_20260714_222745_color.mp4
506,16.89472985,1784039281.98260617,948998.92583160,1784039281903.9768,8205,teach_record_20260714_222745_color.mp4
507,16.92829323,1784039282.01616955,948998.96022510,1784039281937.3350,8206,teach_record_20260714_222745_color.mp4
508,16.96125436,1784039282.04913068,948998.99257900,1784039281970.6931,8207,teach_record_20260714_222745_color.mp4
509,16.99499750,1784039282.08287382,948999.02602720,1784039282004.0513,8208,teach_record_20260714_222745_color.mp4
510,17.02865171,1784039282.11652803,948999.06014470,1784039282037.4094,8209,teach_record_20260714_222745_color.mp4
511,17.06158400,1784039282.14946032,948999.09332230,1784039282070.7676,8210,teach_record_20260714_222745_color.mp4
512,17.09548736,1784039282.18336368,948999.12648650,1784039282104.1257,8211,teach_record_20260714_222745_color.mp4
513,17.12875938,1784039282.21663570,948999.15975970,1784039282137.4839,8212,teach_record_20260714_222745_color.mp4
514,17.16146708,1784039282.24934340,948999.19303810,1784039282170.8420,8213,teach_record_20260714_222745_color.mp4
515,17.19529724,1784039282.28317356,948999.22643090,1784039282204.2004,8214,teach_record_20260714_222745_color.mp4
516,17.22813725,1784039282.31601357,948999.25945130,1784039282237.5586,8215,teach_record_20260714_222745_color.mp4
517,17.26179624,1784039282.34967256,948999.29326680,1784039282270.9167,8216,teach_record_20260714_222745_color.mp4
518,17.29467702,1784039282.38255334,948999.32602680,1784039282304.2751,8217,teach_record_20260714_222745_color.mp4
519,17.32846522,1784039282.41634154,948999.35943130,1784039282337.6333,8218,teach_record_20260714_222745_color.mp4
520,17.36217976,1784039282.45005608,948999.39304490,1784039282370.9915,8219,teach_record_20260714_222745_color.mp4
521,17.39417124,1784039282.48204756,948999.42609580,1784039282404.3499,8220,teach_record_20260714_222745_color.mp4
522,17.42861247,1784039282.51648879,948999.45953060,1784039282437.7080,8221,teach_record_20260714_222745_color.mp4
523,17.46351457,1784039282.55139089,948999.49437330,1784039282471.0664,8222,teach_record_20260714_222745_color.mp4
524,17.49596357,1784039282.58383989,948999.52685170,1784039282504.4248,8223,teach_record_20260714_222745_color.mp4
525,17.52892494,1784039282.61680126,948999.55978280,1784039282537.7830,8224,teach_record_20260714_222745_color.mp4
526,17.56178737,1784039282.64966369,948999.59311670,1784039282571.1414,8225,teach_record_20260714_222745_color.mp4
527,17.59564781,1784039282.68352413,948999.62739860,1784039282604.4998,8226,teach_record_20260714_222745_color.mp4
528,17.62880063,1784039282.71667695,948999.66000570,1784039282637.8579,8227,teach_record_20260714_222745_color.mp4
529,17.66052222,1784039282.74839854,948999.69289350,1784039282671.2163,8228,teach_record_20260714_222745_color.mp4
530,17.69576120,1784039282.78363752,948999.72706460,1784039282704.5747,8229,teach_record_20260714_222745_color.mp4
531,17.72831297,1784039282.81618929,948999.75991240,1784039282737.9331,8230,teach_record_20260714_222745_color.mp4
532,17.76249695,1784039282.85037327,948999.79432730,1784039282771.2908,8231,teach_record_20260714_222745_color.mp4
533,17.79599333,1784039282.88386965,948999.82734320,1784039282804.6499,8232,teach_record_20260714_222745_color.mp4
534,17.82721090,1784039282.91508722,948999.85983490,1784039282838.0088,8233,teach_record_20260714_222745_color.mp4
535,17.86328077,1784039282.95115709,948999.89431190,1784039282871.3677,8234,teach_record_20260714_222745_color.mp4
536,17.89571404,1784039282.98359036,948999.92673790,1784039282904.7268,8235,teach_record_20260714_222745_color.mp4
537,17.92930007,1784039283.01717639,948999.96048610,1784039282938.0857,8236,teach_record_20260714_222745_color.mp4
538,17.96154165,1784039283.04941797,948999.99341560,1784039282971.4446,8237,teach_record_20260714_222745_color.mp4
539,17.99580693,1784039283.08368325,949000.02765700,1784039283004.8037,8238,teach_record_20260714_222745_color.mp4
540,18.02988744,1784039283.11776376,949000.06115900,1784039283038.1626,8239,teach_record_20260714_222745_color.mp4
541,18.06427240,1784039283.15214872,949000.09516430,1784039283071.5215,8240,teach_record_20260714_222745_color.mp4
542,18.09736943,1784039283.18524575,949000.12828230,1784039283104.8806,8241,teach_record_20260714_222745_color.mp4
543,18.12908173,1784039283.21695805,949000.16014050,1784039283138.2395,8242,teach_record_20260714_222745_color.mp4
544,18.16289115,1784039283.25076747,949000.19457660,1784039283171.5986,8243,teach_record_20260714_222745_color.mp4
545,18.19590783,1784039283.28378415,949000.22715660,1784039283204.9575,8244,teach_record_20260714_222745_color.mp4
546,18.22827888,1784039283.31615520,949000.26008860,1784039283238.3167,8245,teach_record_20260714_222745_color.mp4
547,18.26374364,1784039283.35161996,949000.29500520,1784039283271.6755,8246,teach_record_20260714_222745_color.mp4
548,18.29520082,1784039283.38307714,949000.32755230,1784039283305.0347,8247,teach_record_20260714_222745_color.mp4
549,18.32879019,1784039283.41666651,949000.36012200,1784039283338.3936,8248,teach_record_20260714_222745_color.mp4
550,18.36475039,1784039283.45262671,949000.39569920,1784039283371.7527,8249,teach_record_20260714_222745_color.mp4
551,18.39660192,1784039283.48447824,949000.42764630,1784039283405.1118,8250,teach_record_20260714_222745_color.mp4
552,18.43054318,1784039283.51841950,949000.46165560,1784039283438.4707,8251,teach_record_20260714_222745_color.mp4
553,18.46347499,1784039283.55135131,949000.49516200,1784039283471.8298,8252,teach_record_20260714_222745_color.mp4
554,18.49620032,1784039283.58407664,949000.52751520,1784039283505.1890,8253,teach_record_20260714_222745_color.mp4
555,18.52921510,1784039283.61709142,949000.56080510,1784039283538.5479,8254,teach_record_20260714_222745_color.mp4
556,18.56274486,1784039283.65062118,949000.59400000,1784039283571.9070,8255,teach_record_20260714_222745_color.mp4
557,18.59629059,1784039283.68416691,949000.62807510,1784039283605.2661,8256,teach_record_20260714_222745_color.mp4
558,18.63001657,1784039283.71789289,949000.66093500,1784039283638.6250,8257,teach_record_20260714_222745_color.mp4
559,18.66215253,1784039283.75002885,949000.69418360,1784039283671.9841,8258,teach_record_20260714_222745_color.mp4
560,18.69693828,1784039283.78481460,949000.72799430,1784039283705.3433,8259,teach_record_20260714_222745_color.mp4
561,18.72941685,1784039283.81729317,949000.76050920,1784039283738.7024,8260,teach_record_20260714_222745_color.mp4
562,18.76299524,1784039283.85087156,949000.79414810,1784039283772.0615,8261,teach_record_20260714_222745_color.mp4
563,18.79778624,1784039283.88566256,949000.82897400,1784039283805.4192,8262,teach_record_20260714_222745_color.mp4
564,18.83037972,1784039283.91825604,949000.86130780,1784039283838.7781,8263,teach_record_20260714_222745_color.mp4
565,18.86272454,1784039283.95060086,949000.89450040,1784039283872.1370,8264,teach_record_20260714_222745_color.mp4
566,18.89562869,1784039283.98350501,949000.92727300,1784039283905.4958,8265,teach_record_20260714_222745_color.mp4
567,18.92975593,1784039284.01763225,949000.96058480,1784039283938.8547,8266,teach_record_20260714_222745_color.mp4
568,18.96298766,1784039284.05086398,949000.99381920,1784039283972.2136,8267,teach_record_20260714_222745_color.mp4
569,18.99696732,1784039284.08484364,949001.02785830,1784039284005.5725,8268,teach_record_20260714_222745_color.mp4
570,19.02985239,1784039284.11772871,949001.06070120,1784039284038.9314,8269,teach_record_20260714_222745_color.mp4
571,19.06299210,1784039284.15086842,949001.09424820,1784039284072.2903,8270,teach_record_20260714_222745_color.mp4
572,19.09599948,1784039284.18387580,949001.12752910,1784039284105.6494,8271,teach_record_20260714_222745_color.mp4
573,19.13022041,1784039284.21809673,949001.16132020,1784039284139.0083,8272,teach_record_20260714_222745_color.mp4
574,19.16363192,1784039284.25150824,949001.19508440,1784039284172.3672,8273,teach_record_20260714_222745_color.mp4
575,19.19713593,1784039284.28501225,949001.22823230,1784039284205.7261,8274,teach_record_20260714_222745_color.mp4
576,19.22948837,1784039284.31736469,949001.26093320,1784039284239.0852,8275,teach_record_20260714_222745_color.mp4
577,19.26317477,1784039284.35105109,949001.29523960,1784039284272.4441,8276,teach_record_20260714_222745_color.mp4
578,19.29646635,1784039284.38434267,949001.32769710,1784039284305.8030,8277,teach_record_20260714_222745_color.mp4
579,19.33032846,1784039284.41820478,949001.36166390,1784039284339.1621,8278,teach_record_20260714_222745_color.mp4
580,19.36353207,1784039284.45140839,949001.39442030,1784039284372.5210,8279,teach_record_20260714_222745_color.mp4
581,19.39626741,1784039284.48414373,949001.42751680,1784039284405.8801,8280,teach_record_20260714_222745_color.mp4
582,19.42972851,1784039284.51760483,949001.46130420,1784039284439.2390,8281,teach_record_20260714_222745_color.mp4
583,19.46536708,1784039284.55324340,949001.49637680,1784039284472.5981,8282,teach_record_20260714_222745_color.mp4
584,19.49703288,1784039284.58490920,949001.52802540,1784039284505.9573,8283,teach_record_20260714_222745_color.mp4
585,19.53122854,1784039284.61910486,949001.56230740,1784039284539.3162,8284,teach_record_20260714_222745_color.mp4
586,19.56271482,1784039284.65059114,949001.59443460,1784039284572.6753,8285,teach_record_20260714_222745_color.mp4
587,19.59625888,1784039284.68413520,949001.62786620,1784039284606.0344,8286,teach_record_20260714_222745_color.mp4
588,19.63117838,1784039284.71905470,949001.66281320,1784039284639.3936,8287,teach_record_20260714_222745_color.mp4
589,19.66452193,1784039284.75239825,949001.69549230,1784039284672.7527,8288,teach_record_20260714_222745_color.mp4
590,19.69659662,1784039284.78447294,949001.72779020,1784039284706.1118,8289,teach_record_20260714_222745_color.mp4
591,19.72959638,1784039284.81747270,949001.76119770,1784039284739.4707,8290,teach_record_20260714_222745_color.mp4
592,19.76299071,1784039284.85086703,949001.79441690,1784039284772.8298,8291,teach_record_20260714_222745_color.mp4
593,19.79741406,1784039284.88529038,949001.82902560,1784039284806.1890,8292,teach_record_20260714_222745_color.mp4
594,19.83131433,1784039284.91919065,949001.86220250,1784039284839.5471,8293,teach_record_20260714_222745_color.mp4
595,19.86349607,1784039284.95137239,949001.89505710,1784039284872.9038,8294,teach_record_20260714_222745_color.mp4
596,19.89828563,1784039284.98616195,949001.92948350,1784039284906.2605,8295,teach_record_20260714_222745_color.mp4
597,19.92925334,1784039285.01712966,949001.96129720,1784039284939.6172,8296,teach_record_20260714_222745_color.mp4
598,19.96452022,1784039285.05239654,949001.99544860,1784039284972.9739,8297,teach_record_20260714_222745_color.mp4
599,19.99803019,1784039285.08590651,949002.02975620,1784039285006.3303,8298,teach_record_20260714_222745_color.mp4
600,20.03124332,1784039285.11911964,949002.06236250,1784039285039.6870,8299,teach_record_20260714_222745_color.mp4
601,20.06608438,1784039285.15396070,949002.09699310,1784039285073.0437,8300,teach_record_20260714_222745_color.mp4
602,20.09753013,1784039285.18540645,949002.12886080,1784039285106.4004,8301,teach_record_20260714_222745_color.mp4
603,20.13046217,1784039285.21833849,949002.16149020,1784039285139.7568,8302,teach_record_20260714_222745_color.mp4
604,20.16262674,1784039285.25050306,949002.19479410,1784039285173.1135,8303,teach_record_20260714_222745_color.mp4
605,20.19743872,1784039285.28531504,949002.22867370,1784039285206.4702,8304,teach_record_20260714_222745_color.mp4
606,20.23294806,1784039285.32082438,949002.26419320,1784039285239.8267,8305,teach_record_20260714_222745_color.mp4
607,20.26452971,1784039285.35240602,949002.29536470,1784039285273.1833,8306,teach_record_20260714_222745_color.mp4
608,20.29743934,1784039285.38531566,949002.32852870,1784039285306.5398,8307,teach_record_20260714_222745_color.mp4
609,20.33094883,1784039285.41882515,949002.36293510,1784039285339.8965,8308,teach_record_20260714_222745_color.mp4
610,20.36356091,1784039285.45143723,949002.39489200,1784039285373.2529,8309,teach_record_20260714_222745_color.mp4
611,20.39711499,1784039285.48499131,949002.42884430,1784039285406.6094,8310,teach_record_20260714_222745_color.mp4
612,20.43227386,1784039285.52015018,949002.46311190,1784039285439.9661,8311,teach_record_20260714_222745_color.mp4
613,20.46543193,1784039285.55330825,949002.49655060,1784039285473.3225,8312,teach_record_20260714_222745_color.mp4
614,20.49701047,1784039285.58488679,949002.52865080,1784039285506.6790,8313,teach_record_20260714_222745_color.mp4
615,20.53073978,1784039285.61861610,949002.56254070,1784039285540.0354,8314,teach_record_20260714_222745_color.mp4
616,20.56452250,1784039285.65239882,949002.59550600,1784039285573.3921,8315,teach_record_20260714_222745_color.mp4
617,20.59757566,1784039285.68545198,949002.62922460,1784039285606.7485,8316,teach_record_20260714_222745_color.mp4
618,20.63127637,1784039285.71915269,949002.66260950,1784039285640.1050,8317,teach_record_20260714_222745_color.mp4
619,20.66389656,1784039285.75177288,949002.69510570,1784039285673.4614,8318,teach_record_20260714_222745_color.mp4
620,20.69774342,1784039285.78561974,949002.72892210,1784039285706.8179,8319,teach_record_20260714_222745_color.mp4
621,20.73006177,1784039285.81793809,949002.76230690,1784039285740.1743,8320,teach_record_20260714_222745_color.mp4
622,20.76472807,1784039285.85260439,949002.79585840,1784039285773.5308,8321,teach_record_20260714_222745_color.mp4
623,20.79730630,1784039285.88518262,949002.82947680,1784039285806.8872,8322,teach_record_20260714_222745_color.mp4
624,20.83151150,1784039285.91938782,949002.86250080,1784039285840.2437,8323,teach_record_20260714_222745_color.mp4
625,20.86454678,1784039285.95242310,949002.89556320,1784039285873.6016,8324,teach_record_20260714_222745_color.mp4
626,20.89827061,1784039285.98614693,949002.92941040,1784039285906.9609,8325,teach_record_20260714_222745_color.mp4
627,20.93124080,1784039286.01911712,949002.96272160,1784039285940.3203,8326,teach_record_20260714_222745_color.mp4
628,20.96345329,1784039286.05132961,949002.99544760,1784039285973.6797,8327,teach_record_20260714_222745_color.mp4
629,20.99803591,1784039286.08591223,949003.02920710,1784039286007.0391,8328,teach_record_20260714_222745_color.mp4
630,21.03086162,1784039286.11873794,949003.06272680,1784039286040.3984,8329,teach_record_20260714_222745_color.mp4
631,21.06471753,1784039286.15259385,949003.09612490,1784039286073.7578,8330,teach_record_20260714_222745_color.mp4
632,21.09891367,1784039286.18678999,949003.13079350,1784039286107.1172,8331,teach_record_20260714_222745_color.mp4
633,21.13181138,1784039286.21968770,949003.16282580,1784039286140.4766,8332,teach_record_20260714_222745_color.mp4
634,21.16562700,1784039286.25350332,949003.19680040,1784039286173.8362,8333,teach_record_20260714_222745_color.mp4
635,21.19849658,1784039286.28637290,949003.22964850,1784039286207.1956,8334,teach_record_20260714_222745_color.mp4
636,21.23181748,1784039286.31969380,949003.26275970,1784039286240.5549,8335,teach_record_20260714_222745_color.mp4
637,21.26416612,1784039286.35204244,949003.29604540,1784039286273.9143,8336,teach_record_20260714_222745_color.mp4
638,21.29813814,1784039286.38601446,949003.32964240,1784039286307.2737,8337,teach_record_20260714_222745_color.mp4
639,21.33136678,1784039286.41924310,949003.36242860,1784039286340.6331,8338,teach_record_20260714_222745_color.mp4
