frame_idx,camera_time_s,system_time_s,perf_counter_s,color_realsense_timestamp_ms,color_frame_number,color_video
0,0.01326180,1782570029.71479583,14883.57979280,1782570029714.5813,772,teach_record_20260627_222029_color.mp4
1,0.04692578,1782570029.74845982,14883.61312030,1782570029748.0037,773,teach_record_20260627_222029_color.mp4
2,0.07931280,1782570029.78084683,14883.64612000,1782570029781.3926,774,teach_record_20260627_222029_color.mp4
3,0.11291194,1782570029.81444597,14883.67973120,1782570029814.6819,775,teach_record_20260627_222029_color.mp4
4,0.14657426,1782570029.84810829,14883.71368930,1782570029848.0149,776,teach_record_20260627_222029_color.mp4
5,0.18000555,1782570029.88153958,14883.74680120,1782570029881.2661,777,teach_record_20260627_222029_color.mp4
6,0.21364641,1782570029.91518044,14883.77999410,1782570029914.7185,778,teach_record_20260627_222029_color.mp4
7,0.24736476,1782570029.94889879,14883.81349380,1782570029948.0120,779,teach_record_20260627_222029_color.mp4
8,0.28010392,1782570029.98163795,14883.84646480,1782570029981.4280,780,teach_record_20260627_222029_color.mp4
9,0.31346321,1782570030.01499724,14883.88017520,1782570030014.7788,781,teach_record_20260627_222029_color.mp4
10,0.34723306,1782570030.04876709,14883.91361890,1782570030048.1941,782,teach_record_20260627_222029_color.mp4
11,0.38003182,1782570030.08156586,14883.94685640,1782570030081.5244,783,teach_record_20260627_222029_color.mp4
12,0.41303372,1782570030.11456776,14883.97995270,1782570030114.8069,784,teach_record_20260627_222029_color.mp4
13,0.44626546,1782570030.14779949,14884.01364410,1782570030148.2292,785,teach_record_20260627_222029_color.mp4
14,0.47926998,1782570030.18080401,14884.04688860,1782570030181.5796,786,teach_record_20260627_222029_color.mp4
15,0.51289868,1782570030.21443272,14884.07981310,1782570030214.8633,787,teach_record_20260627_222029_color.mp4
16,0.54846001,1782570030.24999404,14884.11540180,1782570030248.2437,788,teach_record_20260627_222029_color.mp4
17,0.58102727,1782570030.28256130,14884.14747320,1782570030281.6904,789,teach_record_20260627_222029_color.mp4
18,0.61461115,1782570030.31614518,14884.18156910,1782570030315.0178,790,teach_record_20260627_222029_color.mp4
19,0.64727402,1782570030.34880805,14884.21418930,1782570030348.3103,791,teach_record_20260627_222029_color.mp4
20,0.68071485,1782570030.38224888,14884.24768310,1782570030381.6672,792,teach_record_20260627_222029_color.mp4
21,0.71396589,1782570030.41549993,14884.28027410,1782570030415.0488,793,teach_record_20260627_222029_color.mp4
22,0.74880815,1782570030.45034218,14884.31512280,1782570030448.4829,794,teach_record_20260627_222029_color.mp4
23,0.78042555,1782570030.48195958,14884.34677750,1782570030481.8369,795,teach_record_20260627_222029_color.mp4
24,0.81338334,1782570030.51491737,14884.38039300,1782570030515.1455,796,teach_record_20260627_222029_color.mp4
25,0.84646249,1782570030.54799652,14884.41416060,1782570030548.5117,797,teach_record_20260627_222029_color.mp4
26,0.88075662,1782570030.58229065,14884.44800220,1782570030581.7771,798,teach_record_20260627_222029_color.mp4
27,0.91347337,1782570030.61500740,14884.48081600,1782570030615.2769,799,teach_record_20260627_222029_color.mp4
28,0.94574761,1782570030.64728165,14884.51330370,1782570030648.5415,800,teach_record_20260627_222029_color.mp4
29,0.98168397,1782570030.68321800,14884.54840960,1782570030681.9319,801,teach_record_20260627_222029_color.mp4
30,1.01304436,1782570030.71457839,14884.58003450,1782570030715.3101,802,teach_record_20260627_222029_color.mp4
31,1.04708552,1782570030.74861956,14884.61362460,1782570030748.7607,803,teach_record_20260627_222029_color.mp4
32,1.08098865,1782570030.78252268,14884.64708770,1782570030782.0525,804,teach_record_20260627_222029_color.mp4
33,1.11498260,1782570030.81651664,14884.68108570,1782570030815.3936,805,teach_record_20260627_222029_color.mp4
34,1.14841866,1782570030.84995270,14884.71467810,1782570030848.7024,806,teach_record_20260627_222029_color.mp4
35,1.18095136,1782570030.88248539,14884.74793700,1782570030882.1953,807,teach_record_20260627_222029_color.mp4
36,1.21447730,1782570030.91601133,14884.78063610,1782570030915.4629,808,teach_record_20260627_222029_color.mp4
37,1.24742770,1782570030.94896173,14884.81359600,1782570030948.7312,809,teach_record_20260627_222029_color.mp4
38,1.28106332,1782570030.98259735,14884.84808710,1782570030982.1616,810,teach_record_20260627_222029_color.mp4
39,1.31429482,1782570031.01582885,14884.88065830,1782570031015.5918,811,teach_record_20260627_222029_color.mp4
40,1.34693718,1782570031.04847121,14884.91398710,1782570031048.7939,812,teach_record_20260627_222029_color.mp4
41,1.38000607,1782570031.08154011,14884.94690700,1782570031082.1917,813,teach_record_20260627_222029_color.mp4
42,1.41358280,1782570031.11511683,14884.98065060,1782570031115.5652,814,teach_record_20260627_222029_color.mp4
43,1.44819260,1782570031.14972663,14885.01460530,1782570031148.9243,815,teach_record_20260627_222029_color.mp4
44,1.48066473,1782570031.18219876,14885.04707590,1782570031182.3203,816,teach_record_20260627_222029_color.mp4
45,1.51412821,1782570031.21566224,14885.08088210,1782570031215.6694,817,teach_record_20260627_222029_color.mp4
46,1.54735065,1782570031.24888468,14885.11476190,1782570031249.1230,818,teach_record_20260627_222029_color.mp4
47,1.58160162,1782570031.28313565,14885.14798420,1782570031282.3884,819,teach_record_20260627_222029_color.mp4
48,1.61444974,1782570031.31598377,14885.18071910,1782570031315.7483,820,teach_record_20260627_222029_color.mp4
49,1.64892006,1782570031.35045409,14885.21529820,1782570031349.1013,821,teach_record_20260627_222029_color.mp4
50,1.68115592,1782570031.38268995,14885.24721950,1782570031382.4751,822,teach_record_20260627_222029_color.mp4
51,1.71397519,1782570031.41550922,14885.28095230,1782570031415.7656,823,teach_record_20260627_222029_color.mp4
52,1.74727035,1782570031.44880438,14885.31427330,1782570031449.3811,824,teach_record_20260627_222029_color.mp4
53,1.78138542,1782570031.48291945,14885.34780510,1782570031482.5527,825,teach_record_20260627_222029_color.mp4
54,1.81520462,1782570031.51673865,14885.38142550,1782570031515.9182,826,teach_record_20260627_222029_color.mp4
55,1.84999204,1782570031.55152607,14885.41635130,1782570031549.2483,827,teach_record_20260627_222029_color.mp4
56,1.88099122,1782570031.58252525,14885.44733400,1782570031582.6035,828,teach_record_20260627_222029_color.mp4
57,1.91516495,1782570031.61669898,14885.48142940,1782570031616.0613,829,teach_record_20260627_222029_color.mp4
58,1.94830871,1782570031.64984274,14885.51451740,1782570031649.3137,830,teach_record_20260627_222029_color.mp4
59,1.98138404,1782570031.68291807,14885.54787330,1782570031682.6084,831,teach_record_20260627_222029_color.mp4
60,2.01624084,1782570031.71777487,14885.58345260,1782570031716.0239,832,teach_record_20260627_222029_color.mp4
61,2.04817748,1782570031.74971151,14885.61457580,1782570031749.4336,833,teach_record_20260627_222029_color.mp4
62,2.08122253,1782570031.78275657,14885.64753420,1782570031782.7693,834,teach_record_20260627_222029_color.mp4
63,2.11469197,1782570031.81622601,14885.68107900,1782570031816.0693,835,teach_record_20260627_222029_color.mp4
64,2.14810991,1782570031.84964395,14885.71463580,1782570031849.3711,836,teach_record_20260627_222029_color.mp4
65,2.18149853,1782570031.88303256,14885.74752660,1782570031882.8315,837,teach_record_20260627_222029_color.mp4
66,2.21487451,1782570031.91640854,14885.78112220,1782570031916.1504,838,teach_record_20260627_222029_color.mp4
67,2.24823117,1782570031.94976521,14885.81518920,1782570031949.5325,839,teach_record_20260627_222029_color.mp4
68,2.28176332,1782570031.98329735,14885.84824190,1782570031982.9729,840,teach_record_20260627_222029_color.mp4
69,2.31415176,1782570032.01568580,14885.88117570,1782570032016.3037,841,teach_record_20260627_222029_color.mp4
70,2.34837294,1782570032.04990697,14885.91446590,1782570032049.5486,842,teach_record_20260627_222029_color.mp4
71,2.38209534,1782570032.08362937,14885.94822110,1782570032082.8909,843,teach_record_20260627_222029_color.mp4
72,2.41513515,1782570032.11666918,14885.98154670,1782570032116.2747,844,teach_record_20260627_222029_color.mp4
73,2.44958472,1782570032.15111876,14886.01594210,1782570032149.7332,845,teach_record_20260627_222029_color.mp4
74,2.48110127,1782570032.18263531,14886.04783620,1782570032183.1221,846,teach_record_20260627_222029_color.mp4
75,2.51628399,1782570032.21781802,14886.08301070,1782570032216.5437,847,teach_record_20260627_222029_color.mp4
76,2.54801607,1782570032.24955010,14886.11501890,1782570032249.7876,848,teach_record_20260627_222029_color.mp4
77,2.58235765,1782570032.28389168,14886.14897190,1782570032283.1323,849,teach_record_20260627_222029_color.mp4
78,2.61593843,1782570032.31747246,14886.18208300,1782570032316.4390,850,teach_record_20260627_222029_color.mp4
79,2.64973283,1782570032.35126686,14886.21586810,1782570032349.8718,851,teach_record_20260627_222029_color.mp4
80,2.68159127,1782570032.38312531,14886.24851220,1782570032383.2004,852,teach_record_20260627_222029_color.mp4
81,2.71493077,1782570032.41646481,14886.28130990,1782570032416.5022,853,teach_record_20260627_222029_color.mp4
82,2.75002337,1782570032.45155740,14886.31617950,1782570032449.8740,854,teach_record_20260627_222029_color.mp4
83,2.78187871,1782570032.48341274,14886.34808780,1782570032483.2759,855,teach_record_20260627_222029_color.mp4
84,2.81492138,1782570032.51645541,14886.38135080,1782570032516.5793,856,teach_record_20260627_222029_color.mp4
85,2.84848309,1782570032.55001712,14886.41512030,1782570032549.9165,857,teach_record_20260627_222029_color.mp4
86,2.88114643,1782570032.58268046,14886.44841140,1782570032583.3579,858,teach_record_20260627_222029_color.mp4
87,2.91476369,1782570032.61629772,14886.48165810,1782570032616.7664,859,teach_record_20260627_222029_color.mp4
88,2.94896626,1782570032.65050030,14886.51501430,1782570032649.9592,860,teach_record_20260627_222029_color.mp4
89,2.98156476,1782570032.68309879,14886.54848210,1782570032683.3679,861,teach_record_20260627_222029_color.mp4
90,3.01601291,1782570032.71754694,14886.58238550,1782570032716.6975,862,teach_record_20260627_222029_color.mp4
91,3.04864621,1782570032.75018024,14886.61470370,1782570032750.0215,863,teach_record_20260627_222029_color.mp4
92,3.08177328,1782570032.78330731,14886.64831590,1782570032783.5645,864,teach_record_20260627_222029_color.mp4
93,3.11588645,1782570032.81742048,14886.68210360,1782570032816.9575,865,teach_record_20260627_222029_color.mp4
94,3.14994526,1782570032.85147929,14886.71609550,1782570032850.1265,866,teach_record_20260627_222029_color.mp4
95,3.18242764,1782570032.88396168,14886.74924000,1782570032883.5735,867,teach_record_20260627_222029_color.mp4
96,3.21576953,1782570032.91730356,14886.78208730,1782570032916.9849,868,teach_record_20260627_222029_color.mp4
97,3.24902749,1782570032.95056152,14886.81553610,1782570032950.2302,869,teach_record_20260627_222029_color.mp4
98,3.28243184,1782570032.98396587,14886.84877310,1782570032983.5530,870,teach_record_20260627_222029_color.mp4
99,3.31591463,1782570033.01744866,14886.88219680,1782570033016.9688,871,teach_record_20260627_222029_color.mp4
100,3.34948683,1782570033.05102086,14886.91584030,1782570033050.3472,872,teach_record_20260627_222029_color.mp4
101,3.38291836,1782570033.08445239,14886.94911140,1782570033083.8379,873,teach_record_20260627_222029_color.mp4
102,3.41644502,1782570033.11797905,14886.98281330,1782570033117.1121,874,teach_record_20260627_222029_color.mp4
103,3.44958782,1782570033.15112185,14887.01611830,1782570033150.5215,875,teach_record_20260627_222029_color.mp4
104,3.48254538,1782570033.18407941,14887.04908730,1782570033183.7244,876,teach_record_20260627_222029_color.mp4
105,3.51504302,1782570033.21657705,14887.08196280,1782570033217.0625,877,teach_record_20260627_222029_color.mp4
106,3.54817939,1782570033.24971342,14887.11520060,1782570033250.4702,878,teach_record_20260627_222029_color.mp4
107,3.58256006,1782570033.28409410,14887.14894850,1782570033283.9221,879,teach_record_20260627_222029_color.mp4
108,3.61618114,1782570033.31771517,14887.18233760,1782570033317.2573,880,teach_record_20260627_222029_color.mp4
109,3.64898705,1782570033.35052109,14887.21520990,1782570033350.5017,881,teach_record_20260627_222029_color.mp4
110,3.68405819,1782570033.38559222,14887.25031970,1782570033383.9919,882,teach_record_20260627_222029_color.mp4
111,3.71623969,1782570033.41777372,14887.28304690,1782570033417.3577,883,teach_record_20260627_222029_color.mp4
112,3.74952579,1782570033.45105982,14887.31637510,1782570033450.7310,884,teach_record_20260627_222029_color.mp4
113,3.78209186,1782570033.48362589,14887.34909110,1782570033483.9875,885,teach_record_20260627_222029_color.mp4
114,3.81531549,1782570033.51684952,14887.38265760,1782570033517.5527,886,teach_record_20260627_222029_color.mp4
115,3.84879184,1782570033.55032587,14887.41556520,1782570033550.6670,887,teach_record_20260627_222029_color.mp4
116,3.88298965,1782570033.58452368,14887.44940050,1782570033583.9724,888,teach_record_20260627_222029_color.mp4
117,3.91685605,1782570033.61839008,14887.48307000,1782570033617.5364,889,teach_record_20260627_222029_color.mp4
118,3.94765568,1782570033.64918971,14887.51551600,1782570033650.8103,890,teach_record_20260627_222029_color.mp4
119,3.98307157,1782570033.68460560,14887.55012420,1782570033684.0857,891,teach_record_20260627_222029_color.mp4
120,4.01706290,1782570033.71859694,14887.58309230,1782570033717.5493,892,teach_record_20260627_222029_color.mp4
121,4.04926634,1782570033.75080037,14887.61565310,1782570033750.8201,893,teach_record_20260627_222029_color.mp4
122,4.08321762,1782570033.78475165,14887.64965890,1782570033784.2024,894,teach_record_20260627_222029_color.mp4
123,4.11669564,1782570033.81822968,14887.68307660,1782570033817.5447,895,teach_record_20260627_222029_color.mp4
124,4.14955640,1782570033.85109043,14887.71560380,1782570033850.9094,896,teach_record_20260627_222029_color.mp4
125,4.18303251,1782570033.88456655,14887.74920260,1782570033884.2737,897,teach_record_20260627_222029_color.mp4
126,4.21619010,1782570033.91772413,14887.78269400,1782570033917.7568,898,teach_record_20260627_222029_color.mp4
127,4.24944615,1782570033.95098019,14887.81583700,1782570033950.9973,899,teach_record_20260627_222029_color.mp4
128,4.28391051,1782570033.98544455,14887.85037270,1782570033984.3477,900,teach_record_20260627_222029_color.mp4
129,4.31619906,1782570034.01773310,14887.88246370,1782570034017.7000,901,teach_record_20260627_222029_color.mp4
130,4.34898567,1782570034.05051970,14887.91574400,1782570034051.0308,902,teach_record_20260627_222029_color.mp4
131,4.38307428,1782570034.08460832,14887.94910400,1782570034084.3892,903,teach_record_20260627_222029_color.mp4
132,4.41752577,1782570034.11905980,14887.98401340,1782570034117.7424,904,teach_record_20260627_222029_color.mp4
133,4.45003581,1782570034.15156984,14888.01638840,1782570034151.1687,905,teach_record_20260627_222029_color.mp4
134,4.48312569,1782570034.18465972,14888.04917920,1782570034184.3975,906,teach_record_20260627_222029_color.mp4
135,4.51600718,1782570034.21754122,14888.08293640,1782570034217.8489,907,teach_record_20260627_222029_color.mp4
136,4.54872084,1782570034.25025487,14888.11606040,1782570034251.1750,908,teach_record_20260627_222029_color.mp4
137,4.58280277,1782570034.28433681,14888.15022350,1782570034284.6643,909,teach_record_20260627_222029_color.mp4
138,4.61580610,1782570034.31734014,14888.18268910,1782570034317.9724,910,teach_record_20260627_222029_color.mp4
139,4.65079594,1782570034.35232997,14888.21698610,1782570034351.3572,911,teach_record_20260627_222029_color.mp4
140,4.68367791,1782570034.38521194,14888.25017840,1782570034384.6753,912,teach_record_20260627_222029_color.mp4
141,4.71848226,1782570034.42001629,14888.28456900,1782570034418.0496,913,teach_record_20260627_222029_color.mp4
142,4.75075698,1782570034.45229101,14888.31703790,1782570034451.3257,914,teach_record_20260627_222029_color.mp4
143,4.78382230,1782570034.48535633,14888.35082830,1782570034484.7732,915,teach_record_20260627_222029_color.mp4
144,4.81659865,1782570034.51813269,14888.38347470,1782570034518.1467,916,teach_record_20260627_222029_color.mp4
145,4.84945107,1782570034.55098510,14888.41647770,1782570034551.4275,917,teach_record_20260627_222029_color.mp4
146,4.88352776,1782570034.58506179,14888.45002300,1782570034584.7839,918,teach_record_20260627_222029_color.mp4
147,4.91644502,1782570034.61797905,14888.48284070,1782570034618.1377,919,teach_record_20260627_222029_color.mp4
148,4.95067573,1782570034.65220976,14888.51683940,1782570034651.5537,920,teach_record_20260627_222029_color.mp4
149,4.98417187,1782570034.68570590,14888.55037670,1782570034684.8892,921,teach_record_20260627_222029_color.mp4
150,5.01659584,1782570034.71812987,14888.58351790,1782570034718.1309,922,teach_record_20260627_222029_color.mp4
151,5.05026031,1782570034.75179434,14888.61679800,1782570034751.5920,923,teach_record_20260627_222029_color.mp4
152,5.08389544,1782570034.78542948,14888.65070390,1782570034785.0393,924,teach_record_20260627_222029_color.mp4
153,5.11682630,1782570034.81836033,14888.68322110,1782570034818.2727,925,teach_record_20260627_222029_color.mp4
154,5.15041924,1782570034.85195327,14888.71655380,1782570034851.7371,926,teach_record_20260627_222029_color.mp4
155,5.18306065,1782570034.88459468,14888.74972140,1782570034885.0183,927,teach_record_20260627_222029_color.mp4
156,5.21573639,1782570034.91727042,14888.78303610,1782570034918.3176,928,teach_record_20260627_222029_color.mp4
157,5.25080514,1782570034.95233917,14888.81760700,1782570034951.8145,929,teach_record_20260627_222029_color.mp4
158,5.28408694,1782570034.98562098,14888.85021320,1782570034985.3025,930,teach_record_20260627_222029_color.mp4
159,5.31716156,1782570035.01869559,14888.88332680,1782570035018.5161,931,teach_record_20260627_222029_color.mp4
160,5.35057306,1782570035.05210710,14888.91699380,1782570035051.8184,932,teach_record_20260627_222029_color.mp4
161,5.38337350,1782570035.08490753,14888.94984900,1782570035085.1304,933,teach_record_20260627_222029_color.mp4
162,5.41740704,1782570035.11894107,14888.98373570,1782570035118.5669,934,teach_record_20260627_222029_color.mp4
163,5.45099902,1782570035.15253305,14889.01722550,1782570035151.9043,935,teach_record_20260627_222029_color.mp4
164,5.48392558,1782570035.18545961,14889.05005750,1782570035185.1660,936,teach_record_20260627_222029_color.mp4
165,5.51775384,1782570035.21928787,14889.08386570,1782570035218.5977,937,teach_record_20260627_222029_color.mp4
166,5.55012846,1782570035.25166249,14889.11665190,1782570035251.9109,938,teach_record_20260627_222029_color.mp4
167,5.58394217,1782570035.28547621,14889.15037770,1782570035285.2380,939,teach_record_20260627_222029_color.mp4
168,5.61698031,1782570035.31851435,14889.18374250,1782570035318.6167,940,teach_record_20260627_222029_color.mp4
169,5.65008759,1782570035.35162163,14889.21681690,1782570035352.0105,941,teach_record_20260627_222029_color.mp4
170,5.68453670,1782570035.38607073,14889.25105280,1782570035385.4919,942,teach_record_20260627_222029_color.mp4
171,5.71737576,1782570035.41890979,14889.28373170,1782570035418.7124,943,teach_record_20260627_222029_color.mp4
172,5.75095367,1782570035.45248771,14889.31774160,1782570035452.2468,944,teach_record_20260627_222029_color.mp4
173,5.78506613,1782570035.48660016,14889.35144140,1782570035485.6411,945,teach_record_20260627_222029_color.mp4
174,5.81788754,1782570035.51942158,14889.38413470,1782570035518.8032,946,teach_record_20260627_222029_color.mp4
175,5.85166359,1782570035.55319762,14889.41805680,1782570035552.1758,947,teach_record_20260627_222029_color.mp4
176,5.88522768,1782570035.58676171,14889.45218510,1782570035585.5603,948,teach_record_20260627_222029_color.mp4
177,5.91783619,1782570035.61937022,14889.48402990,1782570035618.9121,949,teach_record_20260627_222029_color.mp4
178,5.95328784,1782570035.65482187,14889.51961470,1782570035652.3008,950,teach_record_20260627_222029_color.mp4
179,5.98460221,1782570035.68613625,14889.55144720,1782570035685.6841,951,teach_record_20260627_222029_color.mp4
180,6.01766253,1782570035.71919656,14889.58447340,1782570035719.0615,952,teach_record_20260627_222029_color.mp4
181,6.05057120,1782570035.75210524,14889.61701980,1782570035752.2847,953,teach_record_20260627_222029_color.mp4
182,6.08431768,1782570035.78585172,14889.65043180,1782570035785.6243,954,teach_record_20260627_222029_color.mp4
183,6.11862731,1782570035.82016134,14889.68508330,1782570035818.9958,955,teach_record_20260627_222029_color.mp4
184,6.15182948,1782570035.85336351,14889.71817800,1782570035852.4409,956,teach_record_20260627_222029_color.mp4
185,6.18553543,1782570035.88706946,14889.75230930,1782570035885.6836,957,teach_record_20260627_222029_color.mp4
186,6.21879196,1782570035.92032599,14889.78523740,1782570035919.1748,958,teach_record_20260627_222029_color.mp4
187,6.25059319,1782570035.95212722,14889.81803820,1782570035952.7598,959,teach_record_20260627_222029_color.mp4
188,6.28434277,1782570035.98587680,14889.85108370,1782570035985.8665,960,teach_record_20260627_222029_color.mp4
189,6.31828833,1782570036.01982236,14889.88472970,1782570036019.1465,961,teach_record_20260627_222029_color.mp4
190,6.35148382,1782570036.05301785,14889.91754440,1782570036052.5681,962,teach_record_20260627_222029_color.mp4
191,6.38523412,1782570036.08676815,14889.95139690,1782570036085.8420,963,teach_record_20260627_222029_color.mp4
192,6.41757798,1782570036.11911201,14889.98400650,1782570036119.1816,964,teach_record_20260627_222029_color.mp4
193,6.45247126,1782570036.15400529,14890.01937340,1782570036152.7151,965,teach_record_20260627_222029_color.mp4
194,6.48475289,1782570036.18628693,14890.05086910,1782570036186.0396,966,teach_record_20260627_222029_color.mp4
195,6.51829815,1782570036.21983218,14890.08472130,1782570036219.2776,967,teach_record_20260627_222029_color.mp4
196,6.55041027,1782570036.25194430,14890.11807780,1782570036252.6909,968,teach_record_20260627_222029_color.mp4
197,6.58442402,1782570036.28595805,14890.15129440,1782570036286.1221,969,teach_record_20260627_222029_color.mp4
198,6.61866403,1782570036.32019806,14890.18471240,1782570036319.3621,970,teach_record_20260627_222029_color.mp4
199,6.65020370,1782570036.35173774,14890.21751390,1782570036352.7363,971,teach_record_20260627_222029_color.mp4
200,6.68503332,1782570036.38656735,14890.25143770,1782570036386.2502,972,teach_record_20260627_222029_color.mp4
201,6.71898913,1782570036.42052317,14890.28546200,1782570036419.4563,973,teach_record_20260627_222029_color.mp4
202,6.75046182,1782570036.45199585,14890.31758680,1782570036452.8464,974,teach_record_20260627_222029_color.mp4
203,6.78523588,1782570036.48676991,14890.35147850,1782570036486.1729,975,teach_record_20260627_222029_color.mp4
204,6.81680036,1782570036.51833439,14890.38431240,1782570036519.5923,976,teach_record_20260627_222029_color.mp4
205,6.85218406,1782570036.55371809,14890.41903980,1782570036553.0344,977,teach_record_20260627_222029_color.mp4
206,6.88630414,1782570036.58783817,14890.45248590,1782570036586.2568,978,teach_record_20260627_222029_color.mp4
207,6.91768265,1782570036.61921668,14890.48463640,1782570036619.8113,979,teach_record_20260627_222029_color.mp4
208,6.95119166,1782570036.65272570,14890.51826740,1782570036652.9712,980,teach_record_20260627_222029_color.mp4
209,6.98562384,1782570036.68715787,14890.55170540,1782570036686.2927,981,teach_record_20260627_222029_color.mp4
210,7.01728749,1782570036.71882153,14890.58454420,1782570036719.7549,982,teach_record_20260627_222029_color.mp4
211,7.05371737,1782570036.75525141,14890.62013840,1782570036753.0952,983,teach_record_20260627_222029_color.mp4
212,7.08502913,1782570036.78656316,14890.65150380,1782570036786.4231,984,teach_record_20260627_222029_color.mp4
213,7.11878300,1782570036.82031703,14890.68504660,1782570036819.9431,985,teach_record_20260627_222029_color.mp4
214,7.15190649,1782570036.85344052,14890.71840800,1782570036853.1377,986,teach_record_20260627_222029_color.mp4
215,7.18526483,1782570036.88679886,14890.75158170,1782570036886.4688,987,teach_record_20260627_222029_color.mp4
216,7.22131848,1782570036.92285252,14890.78844540,1782570036919.7617,988,teach_record_20260627_222029_color.mp4
217,7.25173140,1782570036.95326543,14890.81794180,1782570036953.2036,989,teach_record_20260627_222029_color.mp4
218,7.28433180,1782570036.98586583,14890.85134990,1782570036986.5913,990,teach_record_20260627_222029_color.mp4
219,7.32010627,1782570037.02164030,14890.88630860,1782570037019.9067,991,teach_record_20260627_222029_color.mp4
220,7.35182858,1782570037.05336261,14890.91879920,1782570037053.1997,992,teach_record_20260627_222029_color.mp4
221,7.38564301,1782570037.08717704,14890.95315350,1782570037086.6560,993,teach_record_20260627_222029_color.mp4
222,7.41952300,1782570037.12105703,14890.98579040,1782570037120.0017,994,teach_record_20260627_222029_color.mp4
223,7.45304465,1782570037.15457869,14891.01929540,1782570037153.3701,995,teach_record_20260627_222029_color.mp4
224,7.48490071,1782570037.18643475,14891.05173510,1782570037186.6904,996,teach_record_20260627_222029_color.mp4
225,7.51878190,1782570037.22031593,14891.08521670,1782570037219.9954,997,teach_record_20260627_222029_color.mp4
226,7.55167580,1782570037.25320983,14891.11815980,1782570037253.4407,998,teach_record_20260627_222029_color.mp4
227,7.58593702,1782570037.28747106,14891.15216200,1782570037286.7334,999,teach_record_20260627_222029_color.mp4
228,7.61854839,1782570037.32008243,14891.18494090,1782570037320.0840,1000,teach_record_20260627_222029_color.mp4
229,7.65187097,1782570037.35340500,14891.21884560,1782570037353.5776,1001,teach_record_20260627_222029_color.mp4
230,7.68511200,1782570037.38664603,14891.25223340,1782570037386.8186,1002,teach_record_20260627_222029_color.mp4
231,7.71838450,1782570037.41991854,14891.28537200,1782570037420.2676,1003,teach_record_20260627_222029_color.mp4
232,7.75140572,1782570037.45293975,14891.31830640,1782570037453.5757,1004,teach_record_20260627_222029_color.mp4
233,7.78562164,1782570037.48715568,14891.35205410,1782570037486.9756,1005,teach_record_20260627_222029_color.mp4
234,7.82075500,1782570037.52228904,14891.38687230,1782570037520.2188,1006,teach_record_20260627_222029_color.mp4
235,7.85254645,1782570037.55408049,14891.41978040,1782570037553.5720,1007,teach_record_20260627_222029_color.mp4
236,7.88461232,1782570037.58614635,14891.45172680,1782570037586.9854,1008,teach_record_20260627_222029_color.mp4
237,7.92096949,1782570037.62250352,14891.48732460,1782570037620.4155,1009,teach_record_20260627_222029_color.mp4
238,7.95240879,1782570037.65394282,14891.51875830,1782570037653.6765,1010,teach_record_20260627_222029_color.mp4
239,7.98568749,1782570037.68722153,14891.55213690,1782570037687.2043,1011,teach_record_20260627_222029_color.mp4
240,8.01845884,1782570037.71999288,14891.58548320,1782570037720.4863,1012,teach_record_20260627_222029_color.mp4
241,8.05283403,1782570037.75436807,14891.61955300,1782570037753.8303,1013,teach_record_20260627_222029_color.mp4
242,8.08605599,1782570037.78759003,14891.65297820,1782570037787.1711,1014,teach_record_20260627_222029_color.mp4
243,8.11910701,1782570037.82064104,14891.68524920,1782570037820.4641,1015,teach_record_20260627_222029_color.mp4
244,8.15274596,1782570037.85427999,14891.71885180,1782570037853.8225,1016,teach_record_20260627_222029_color.mp4
245,8.18569756,1782570037.88723159,14891.75277520,1782570037887.2700,1017,teach_record_20260627_222029_color.mp4
246,8.21837997,1782570037.91991401,14891.78523960,1782570037920.5388,1018,teach_record_20260627_222029_color.mp4
247,8.25122166,1782570037.95275569,14891.81863270,1782570037953.9409,1019,teach_record_20260627_222029_color.mp4
248,8.28631520,1782570037.98784924,14891.85326440,1782570037987.2593,1020,teach_record_20260627_222029_color.mp4
249,8.32122517,1782570038.02275920,14891.88746420,1782570038020.6521,1021,teach_record_20260627_222029_color.mp4
250,8.35324097,1782570038.05477500,14891.91955640,1782570038054.0413,1022,teach_record_20260627_222029_color.mp4
251,8.38564610,1782570038.08718014,14891.95255160,1782570038087.3828,1023,teach_record_20260627_222029_color.mp4
252,8.42048001,1782570038.12201405,14891.98656210,1782570038120.7158,1024,teach_record_20260627_222029_color.mp4
253,8.45278096,1782570038.15431499,14892.01929630,1782570038154.0381,1025,teach_record_20260627_222029_color.mp4
254,8.48559117,1782570038.18712521,14892.05239530,1782570038187.4045,1026,teach_record_20260627_222029_color.mp4
255,8.51894951,1782570038.22048354,14892.08550670,1782570038220.7893,1027,teach_record_20260627_222029_color.mp4
256,8.55206895,1782570038.25360298,14892.11894990,1782570038254.1648,1028,teach_record_20260627_222029_color.mp4
257,8.58596444,1782570038.28749847,14892.15262640,1782570038287.5945,1029,teach_record_20260627_222029_color.mp4
258,8.61862159,1782570038.32015562,14892.18608310,1782570038320.8469,1030,teach_record_20260627_222029_color.mp4
259,8.65309310,1782570038.35462713,14892.22002060,1782570038354.1780,1031,teach_record_20260627_222029_color.mp4
260,8.68704510,1782570038.38857913,14892.25353220,1782570038387.6204,1032,teach_record_20260627_222029_color.mp4
261,8.71983147,1782570038.42136550,14892.28633470,1782570038420.9561,1033,teach_record_20260627_222029_color.mp4
262,8.75200701,1782570038.45354104,14892.31949520,1782570038454.2336,1034,teach_record_20260627_222029_color.mp4
263,8.79024982,1782570038.49178386,14892.35660140,1782570038487.5913,1035,teach_record_20260627_222029_color.mp4
264,8.82001400,1782570038.52154803,14892.38617320,1782570038520.9607,1036,teach_record_20260627_222029_color.mp4
265,8.85395336,1782570038.55548739,14892.42082070,1782570038554.4316,1037,teach_record_20260627_222029_color.mp4
266,8.88695240,1782570038.58848643,14892.45333290,1782570038587.6562,1038,teach_record_20260627_222029_color.mp4
267,8.92117167,1782570038.62270570,14892.48744690,1782570038621.1687,1039,teach_record_20260627_222029_color.mp4
268,8.95498538,1782570038.65651941,14892.52102320,1782570038654.3901,1040,teach_record_20260627_222029_color.mp4
269,8.98594546,1782570038.68747950,14892.55288460,1782570038687.9153,1041,teach_record_20260627_222029_color.mp4
270,9.01978397,1782570038.72131801,14892.58646890,1782570038721.1980,1042,teach_record_20260627_222029_color.mp4
271,9.05253267,1782570038.75406671,14892.61967950,1782570038754.7883,1043,teach_record_20260627_222029_color.mp4
272,9.08585739,1782570038.78739142,14892.65268600,1782570038787.9150,1044,teach_record_20260627_222029_color.mp4
273,9.11971521,1782570038.82124925,14892.68653530,1782570038821.2285,1045,teach_record_20260627_222029_color.mp4
274,9.15410686,1782570038.85564089,14892.72092660,1782570038854.5459,1046,teach_record_20260627_222029_color.mp4
275,9.18723941,1782570038.88877344,14892.75370890,1782570038888.0410,1047,teach_record_20260627_222029_color.mp4
276,9.21859097,1782570038.92012501,14892.78597380,1782570038921.2634,1048,teach_record_20260627_222029_color.mp4
277,9.25265193,1782570038.95418596,14892.81936010,1782570038954.6548,1049,teach_record_20260627_222029_color.mp4
278,9.28761506,1782570038.98914909,14892.85367250,1782570038987.9924,1050,teach_record_20260627_222029_color.mp4
279,9.32012057,1782570039.02165461,14892.88628180,1782570039021.3821,1051,teach_record_20260627_222029_color.mp4
280,9.35331345,1782570039.05484748,14892.91976980,1782570039054.7097,1052,teach_record_20260627_222029_color.mp4
281,9.38654423,1782570039.08807826,14892.95282900,1782570039088.1189,1053,teach_record_20260627_222029_color.mp4
282,9.42069864,1782570039.12223268,14892.98699390,1782570039121.4387,1054,teach_record_20260627_222029_color.mp4
283,9.45352530,1782570039.15505934,14893.01970380,1782570039154.8889,1055,teach_record_20260627_222029_color.mp4
284,9.48714399,1782570039.18867803,14893.05365960,1782570039188.1497,1056,teach_record_20260627_222029_color.mp4
285,9.51947737,1782570039.22101140,14893.08629390,1782570039221.4873,1057,teach_record_20260627_222029_color.mp4
286,9.55389690,1782570039.25543094,14893.12052080,1782570039254.8313,1058,teach_record_20260627_222029_color.mp4
287,9.58722210,1782570039.28875613,14893.15351530,1782570039288.2429,1059,teach_record_20260627_222029_color.mp4
288,9.62048626,1782570039.32202029,14893.18679420,1782570039321.5071,1060,teach_record_20260627_222029_color.mp4
289,9.65425897,1782570039.35579300,14893.22042610,1782570039355.1436,1061,teach_record_20260627_222029_color.mp4
290,9.68705201,1782570039.38858604,14893.25346270,1782570039388.3447,1062,teach_record_20260627_222029_color.mp4
291,9.72027731,1782570039.42181134,14893.28705420,1782570039421.6233,1063,teach_record_20260627_222029_color.mp4
292,9.75394869,1782570039.45548272,14893.32053820,1782570039454.9902,1064,teach_record_20260627_222029_color.mp4
293,9.78733754,1782570039.48887157,14893.35345150,1782570039488.4009,1065,teach_record_20260627_222029_color.mp4
294,9.82020164,1782570039.52173567,14893.38715610,1782570039521.6899,1066,teach_record_20260627_222029_color.mp4
295,9.85380316,1782570039.55533719,14893.42009320,1782570039555.0425,1067,teach_record_20260627_222029_color.mp4
296,9.88847566,1782570039.59000969,14893.45464050,1782570039588.6104,1068,teach_record_20260627_222029_color.mp4
297,9.92068458,1782570039.62221861,14893.48705240,1782570039621.8215,1069,teach_record_20260627_222029_color.mp4
298,9.95353031,1782570039.65506434,14893.51995300,1782570039655.2007,1070,teach_record_20260627_222029_color.mp4
299,9.98661160,1782570039.68814564,14893.55342140,1782570039688.5615,1071,teach_record_20260627_222029_color.mp4
300,10.01964760,1782570039.72118163,14893.58710160,1782570039721.8899,1072,teach_record_20260627_222029_color.mp4
301,10.05492449,1782570039.75645852,14893.62187710,1782570039755.2122,1073,teach_record_20260627_222029_color.mp4
302,10.08704686,1782570039.78858089,14893.65336680,1782570039788.6365,1074,teach_record_20260627_222029_color.mp4
303,10.12066650,1782570039.82220054,14893.68694260,1782570039821.9053,1075,teach_record_20260627_222029_color.mp4
304,10.15328526,1782570039.85481930,14893.72066080,1782570039855.3279,1076,teach_record_20260627_222029_color.mp4
305,10.18823862,1782570039.88977265,14893.75437470,1782570039888.6499,1077,teach_record_20260627_222029_color.mp4
306,10.22077322,1782570039.92230725,14893.78705370,1782570039922.0208,1078,teach_record_20260627_222029_color.mp4
307,10.25398946,1782570039.95552349,14893.82105880,1782570039955.3899,1079,teach_record_20260627_222029_color.mp4
308,10.28771758,1782570039.98925161,14893.85400550,1782570039988.7803,1080,teach_record_20260627_222029_color.mp4
309,10.32157588,1782570040.02310991,14893.88809320,1782570040022.0444,1081,teach_record_20260627_222029_color.mp4
310,10.35377860,1782570040.05531263,14893.92057340,1782570040055.4780,1082,teach_record_20260627_222029_color.mp4
311,10.38918447,1782570040.09071851,14893.95551960,1782570040089.0007,1083,teach_record_20260627_222029_color.mp4
312,10.42082357,1782570040.12235761,14893.98768240,1782570040122.2058,1084,teach_record_20260627_222029_color.mp4
313,10.45275593,1782570040.15428996,14894.02018600,1782570040155.5032,1085,teach_record_20260627_222029_color.mp4
314,10.48802185,1782570040.18955588,14894.05440250,1782570040188.9580,1086,teach_record_20260627_222029_color.mp4
315,10.52102447,1782570040.22255850,14894.08729000,1782570040222.2329,1087,teach_record_20260627_222029_color.mp4
316,10.55440855,1782570040.25594258,14894.12090310,1782570040255.6084,1088,teach_record_20260627_222029_color.mp4
317,10.58772564,1782570040.28925967,14894.15411720,1782570040288.9707,1089,teach_record_20260627_222029_color.mp4
318,10.62093544,1782570040.32246947,14894.18838060,1782570040322.3333,1090,teach_record_20260627_222029_color.mp4
319,10.65428615,1782570040.35582018,14894.22032120,1782570040355.6189,1091,teach_record_20260627_222029_color.mp4
320,10.68838787,1782570040.38992190,14894.25484570,1782570040389.0183,1092,teach_record_20260627_222029_color.mp4
321,10.72226930,1782570040.42380333,14894.28836850,1782570040422.3645,1093,teach_record_20260627_222029_color.mp4
322,10.75541425,1782570040.45694828,14894.32171870,1782570040455.6997,1094,teach_record_20260627_222029_color.mp4
323,10.78634214,1782570040.48787618,14894.35399740,1782570040489.1890,1095,teach_record_20260627_222029_color.mp4
324,10.82251096,1782570040.52404499,14894.38941040,1782570040522.4492,1096,teach_record_20260627_222029_color.mp4
325,10.85485768,1782570040.55639172,14894.42096970,1782570040555.8000,1097,teach_record_20260627_222029_color.mp4
326,10.88856149,1782570040.59009552,14894.45489910,1782570040589.1885,1098,teach_record_20260627_222029_color.mp4
327,10.92328191,1782570040.62481594,14894.48943780,1782570040622.7080,1099,teach_record_20260627_222029_color.mp4
328,10.95454526,1782570040.65607929,14894.52092640,1782570040655.8279,1100,teach_record_20260627_222029_color.mp4
329,10.98715687,1782570040.68869090,14894.55464100,1782570040689.2810,1101,teach_record_20260627_222029_color.mp4
330,11.02155471,1782570040.72308874,14894.58922130,1782570040722.6584,1102,teach_record_20260627_222029_color.mp4
331,11.05542612,1782570040.75696015,14894.62172130,1782570040755.9275,1103,teach_record_20260627_222029_color.mp4
332,11.08810902,1782570040.78964305,14894.65511090,1782570040789.3643,1104,teach_record_20260627_222029_color.mp4
333,11.12109542,1782570040.82262945,14894.68782420,1782570040822.7747,1105,teach_record_20260627_222029_color.mp4
334,11.15526509,1782570040.85679913,14894.72176020,1782570040856.0500,1106,teach_record_20260627_222029_color.mp4
335,11.18884134,1782570040.89037538,14894.75492850,1782570040889.3608,1107,teach_record_20260627_222029_color.mp4
336,11.22219944,1782570040.92373347,14894.78850250,1782570040922.8970,1108,teach_record_20260627_222029_color.mp4
337,11.25544524,1782570040.95697927,14894.82160910,1782570040956.2820,1109,teach_record_20260627_222029_color.mp4
338,11.28678966,1782570040.98832369,14894.85423540,1782570040989.5005,1110,teach_record_20260627_222029_color.mp4
339,11.32258391,1782570041.02411795,14894.88883020,1782570041022.9480,1111,teach_record_20260627_222029_color.mp4
340,11.35544682,1782570041.05698085,14894.92155590,1782570041056.2725,1112,teach_record_20260627_222029_color.mp4
341,11.39000988,1782570041.09154391,14894.95721280,1782570041089.6155,1113,teach_record_20260627_222029_color.mp4
342,11.42166710,1782570041.12320113,14894.98783460,1782570041122.9712,1114,teach_record_20260627_222029_color.mp4
343,11.45554113,1782570041.15707517,14895.02161890,1782570041156.1980,1115,teach_record_20260627_222029_color.mp4
344,11.48765206,1782570041.18918610,14895.05469960,1782570041189.7119,1116,teach_record_20260627_222029_color.mp4
345,11.52380991,1782570041.22534394,14895.09024300,1782570041222.9695,1117,teach_record_20260627_222029_color.mp4
346,11.55646706,1782570041.25800109,14895.12253790,1782570041256.4673,1118,teach_record_20260627_222029_color.mp4
347,11.58739328,1782570041.28892732,14895.15438030,1782570041289.6836,1119,teach_record_20260627_222029_color.mp4
348,11.62185264,1782570041.32338667,14895.18808200,1782570041323.0779,1120,teach_record_20260627_222029_color.mp4
349,11.65578055,1782570041.35731459,14895.22210260,1782570041356.4993,1121,teach_record_20260627_222029_color.mp4
350,11.68965530,1782570041.39118934,14895.25582840,1782570041389.9319,1122,teach_record_20260627_222029_color.mp4
351,11.72119093,1782570041.42272496,14895.28819380,1782570041423.1196,1123,teach_record_20260627_222029_color.mp4
352,11.75616145,1782570041.45769548,14895.32219610,1782570041456.4580,1124,teach_record_20260627_222029_color.mp4
353,11.78970456,1782570041.49123859,14895.35620870,1782570041489.8623,1125,teach_record_20260627_222029_color.mp4
354,11.82240105,1782570041.52393508,14895.38884400,1782570041523.2708,1126,teach_record_20260627_222029_color.mp4
355,11.85555983,1782570041.55709386,14895.42190720,1782570041556.6675,1127,teach_record_20260627_222029_color.mp4
356,11.88966656,1782570041.59120059,14895.45610200,1782570041589.8655,1128,teach_record_20260627_222029_color.mp4
357,11.92180181,1782570041.62333584,14895.48798700,1782570041623.2727,1129,teach_record_20260627_222029_color.mp4
358,11.95731425,1782570041.65884829,14895.52348380,1782570041656.6521,1130,teach_record_20260627_222029_color.mp4
359,11.98948979,1782570041.69102383,14895.55576730,1782570041690.0632,1131,teach_record_20260627_222029_color.mp4
360,12.02265692,1782570041.72419095,14895.58890850,1782570041723.6768,1132,teach_record_20260627_222029_color.mp4
361,12.05450535,1782570041.75603938,14895.62289110,1782570041756.8445,1133,teach_record_20260627_222029_color.mp4
362,12.08849716,1782570041.79003119,14895.65478950,1782570041790.0432,1134,teach_record_20260627_222029_color.mp4
363,12.12278652,1782570041.82432055,14895.68962400,1782570041823.4685,1135,teach_record_20260627_222029_color.mp4
364,12.15651441,1782570041.85804844,14895.72276040,1782570041856.7041,1136,teach_record_20260627_222029_color.mp4
365,12.18946910,1782570041.89100313,14895.75586830,1782570041890.3479,1137,teach_record_20260627_222029_color.mp4
366,12.22304654,1782570041.92458057,14895.78913730,1782570041923.5295,1138,teach_record_20260627_222029_color.mp4
367,12.25685310,1782570041.95838714,14895.82315610,1782570041957.2583,1139,teach_record_20260627_222029_color.mp4
368,12.28893948,1782570041.99047351,14895.85509400,1782570041990.2312,1140,teach_record_20260627_222029_color.mp4
369,12.32357645,1782570042.02511048,14895.89030320,1782570042023.5769,1141,teach_record_20260627_222029_color.mp4
370,12.35550809,1782570042.05704212,14895.92198800,1782570042056.8533,1142,teach_record_20260627_222029_color.mp4
371,12.39091825,1782570042.09245229,14895.95717240,1782570042090.2849,1143,teach_record_20260627_222029_color.mp4
372,12.42227745,1782570042.12381148,14895.98847660,1782570042123.5923,1144,teach_record_20260627_222029_color.mp4
373,12.45543313,1782570042.15696716,14896.02223430,1782570042157.3760,1145,teach_record_20260627_222029_color.mp4
374,12.48853993,1782570042.19007397,14896.05568670,1782570042190.4561,1146,teach_record_20260627_222029_color.mp4
375,12.52256179,1782570042.22409582,14896.08897300,1782570042223.8391,1147,teach_record_20260627_222029_color.mp4
376,12.55548143,1782570042.25701547,14896.12284410,1782570042257.3699,1148,teach_record_20260627_222029_color.mp4
377,12.59061408,1782570042.29214811,14896.15721600,1782570042290.4133,1149,teach_record_20260627_222029_color.mp4
378,12.62272620,1782570042.32426023,14896.18897250,1782570042324.0261,1150,teach_record_20260627_222029_color.mp4
379,12.65623832,1782570042.35777235,14896.22313730,1782570042357.3757,1151,teach_record_20260627_222029_color.mp4
380,12.68914032,1782570042.39067435,14896.25573620,1782570042390.6621,1152,teach_record_20260627_222029_color.mp4
381,12.72264361,1782570042.42417765,14896.28905110,1782570042423.9087,1153,teach_record_20260627_222029_color.mp4
382,12.75705075,1782570042.45858479,14896.32325080,1782570042457.4255,1154,teach_record_20260627_222029_color.mp4
383,12.78915477,1782570042.49068880,14896.35549650,1782570042490.6553,1155,teach_record_20260627_222029_color.mp4
384,12.82375097,1782570042.52528501,14896.39001780,1782570042524.1636,1156,teach_record_20260627_222029_color.mp4
385,12.85703945,1782570042.55857348,14896.42323270,1782570042557.3992,1157,teach_record_20260627_222029_color.mp4
386,12.88836312,1782570042.58989716,14896.45532470,1782570042590.6223,1158,teach_record_20260627_222029_color.mp4
387,12.92324615,1782570042.62478018,14896.48956770,1782570042624.0105,1159,teach_record_20260627_222029_color.mp4
388,12.95727324,1782570042.65880728,14896.52344230,1782570042657.4299,1160,teach_record_20260627_222029_color.mp4
389,12.98938084,1782570042.69091487,14896.55580680,1782570042690.9028,1161,teach_record_20260627_222029_color.mp4
390,13.02268529,1782570042.72421932,14896.58935960,1782570042724.0383,1162,teach_record_20260627_222029_color.mp4
391,13.05726171,1782570042.75879574,14896.62402380,1782570042757.4707,1163,teach_record_20260627_222029_color.mp4
392,13.09018064,1782570042.79171467,14896.65646400,1782570042790.8337,1164,teach_record_20260627_222029_color.mp4
393,13.12315845,1782570042.82469249,14896.68940760,1782570042824.1487,1165,teach_record_20260627_222029_color.mp4
394,13.15625668,1782570042.85779071,14896.72232030,1782570042857.6082,1166,teach_record_20260627_222029_color.mp4
395,13.18963933,1782570042.89117336,14896.75654200,1782570042891.0042,1167,teach_record_20260627_222029_color.mp4
396,13.22182965,1782570042.92336369,14896.78970410,1782570042924.3586,1168,teach_record_20260627_222029_color.mp4
397,13.25631762,1782570042.95785165,14896.82236300,1782570042957.6284,1169,teach_record_20260627_222029_color.mp4
398,13.28985548,1782570042.99138951,14896.85596370,1782570042990.9280,1170,teach_record_20260627_222029_color.mp4
399,13.32387114,1782570043.02540517,14896.89006760,1782570043024.4304,1171,teach_record_20260627_222029_color.mp4
